상권_코드_명,기준_년_코드,기준_분기_코드,업종_대분류,경영_위기_비율,상권_코드,집객시설_수,교통_인프라,총 상주인구 수,총_직장_인구_수,총_생활인구_수,월_평균_소득_금액,연령대_1020_매출_비율,연령대_3040_매출_비율,연령대_5060_매출_비율,주중_매출_비율,주말_매출_비율,남성_매출_비율,여성_매출_비율,유사_업종_점포_수,개업률,폐업률
DMC(디지털미디어시티),2022,1,외식업,0.1509433962,2120098,72,24,1285,8846.0,318202,3567709.0,20.6,62.1,17.6,87.8,12.4,57.5,42.5,421,4.08,2.04
DMC(디지털미디어시티),2022,2,외식업,0.2075471698,2120098,72,24,1285,8846.0,358782,3567709.0,21.0,60.8,18.7,86.4,13.6,56.4,43.8,424,6.08,4.39
DMC(디지털미디어시티),2022,3,외식업,0.1428571429,2120098,72,24,1285,8846.0,352688,3567709.0,21.0,61.0,18.0,85.8,14.4,56.4,43.7,426,5.0,4.67
DMC(디지털미디어시티),2022,4,외식업,0.2916666667,2120098,72,24,1285,8846.0,355095,3567709.0,20.7,60.4,18.8,83.0,17.0,56.8,43.2,427,6.98,6.64
가락시장역,2022,1,외식업,0.2352941176,2120234,62,3,2694,10268.0,1430185,3494644.0,15.27,49.73,35.09,77.82,22.27,61.82,38.18,294,2.74,4.57
가락시장역,2022,2,외식업,0.2777777778,2120234,62,3,2694,10268.0,1490392,3494644.0,13.82,51.45,35.0,77.73,22.36,62.27,37.91,291,5.48,5.48
가락시장역,2022,3,외식업,0.1666666667,2120234,62,3,2694,10268.0,1522873,3494644.0,15.55,47.64,36.91,78.45,21.91,62.27,37.91,292,4.89,5.78
가락시장역,2022,4,외식업,0.1111111111,2120234,62,3,2694,10268.0,1613064,3494644.0,15.91,53.91,30.55,77.64,22.36,67.91,32.18,291,3.57,4.02
가로수길,2022,1,서비스업,0.16,2120186,42,3,3152,6518.0,1977135,3602514.0,15.43,48.79,36.14,77.0,23.14,41.71,58.36,443,2.98,0.92
가로수길,2022,1,외식업,0.0810810811,2120186,42,3,3152,6518.0,1977135,3602514.0,40.64,42.27,17.36,67.45,32.55,49.55,50.55,511,2.47,1.57
가로수길,2022,1,유통업,0.12,2120186,42,3,3152,6518.0,1977135,3602514.0,23.39,43.44,33.33,68.83,31.22,50.89,49.28,713,1.9,1.46
가로수길,2022,2,서비스업,0.2222222222,2120186,42,3,3152,6518.0,2273038,3602514.0,16.5,53.79,30.14,78.71,21.29,41.57,58.64,442,1.61,1.84
가로수길,2022,2,외식업,0.08,2120186,42,3,3152,6518.0,2273038,3602514.0,38.36,45.82,16.18,68.0,32.0,48.64,51.64,514,4.86,3.31
가로수길,2022,2,유통업,0.16,2120186,42,3,3152,6518.0,2273038,3602514.0,27.0,38.76,34.53,64.76,35.29,39.88,60.24,703,1.33,2.07
가로수길,2022,3,서비스업,0.2,2120186,42,3,3152,6518.0,2308808,3602514.0,16.07,50.86,33.14,78.29,21.86,48.14,51.86,452,3.15,0.9
가로수길,2022,3,외식업,0.1058823529,2120186,42,3,3152,6518.0,2308808,3602514.0,39.64,43.55,17.0,69.91,30.18,49.55,50.64,514,3.51,3.51
가로수길,2022,3,유통업,0.28,2120186,42,3,3152,6518.0,2308808,3602514.0,21.12,46.88,32.24,71.35,28.71,48.82,51.41,706,2.07,1.33
가로수길,2022,4,서비스업,0.4375,2120186,42,3,3152,6518.0,2278365,3602514.0,12.5,51.86,35.71,76.64,23.5,42.86,57.29,460,3.31,1.55
가로수길,2022,4,외식업,0.1222222222,2120186,42,3,3152,6518.0,2278365,3602514.0,38.27,45.64,16.18,67.64,32.45,49.73,50.27,517,4.77,4.34
가로수길,2022,4,유통업,0.3571428571,2120186,42,3,3152,6518.0,2278365,3602514.0,23.41,48.59,28.35,68.65,31.41,51.88,48.12,715,2.61,2.03
가산디지털단지,2022,1,서비스업,0.2222222222,2120131,212,85,3865,81100.0,1084018,2632542.0,18.89,46.22,35.0,87.83,12.22,59.17,41.06,852,1.2,0.84
가산디지털단지,2022,1,외식업,0.1629213483,2120131,212,85,3865,81100.0,1084018,2632542.0,22.27,54.18,23.45,89.36,10.73,59.45,40.64,1007,4.43,3.14
가산디지털단지,2022,1,유통업,0.2222222222,2120131,212,85,3865,81100.0,1084018,2632542.0,16.71,53.33,30.14,85.05,15.05,58.33,41.81,3286,1.27,1.17
가산디지털단지,2022,2,서비스업,0.1111111111,2120131,212,85,3865,81100.0,1142582,2632542.0,18.56,58.06,23.44,84.17,15.83,58.39,41.61,846,1.09,1.33
가산디지털단지,2022,2,외식업,0.1444444444,2120131,212,85,3865,81100.0,1142582,2632542.0,21.82,55.55,22.82,89.18,10.82,59.45,40.64,1012,6.21,4.66
가산디지털단지,2022,2,유통업,0.2083333333,2120131,212,85,3865,81100.0,1142582,2632542.0,10.7,55.6,33.75,83.6,16.5,59.65,40.35,3280,1.21,1.05
가산디지털단지,2022,3,서비스업,0.2222222222,2120131,212,85,3865,81100.0,1102802,2632542.0,16.83,52.28,31.28,83.0,17.06,56.06,44.11,852,1.56,0.6
가산디지털단지,2022,3,외식업,0.1518324607,2120131,212,85,3865,81100.0,1102802,2632542.0,22.64,54.91,22.73,89.64,10.36,59.45,40.64,1023,7.45,5.91
가산디지털단지,2022,3,유통업,0.2592592593,2120131,212,85,3865,81100.0,1102802,2632542.0,14.95,58.05,27.05,87.1,12.9,55.0,45.05,3261,1.4,1.72
가산디지털단지,2022,4,서비스업,0.2,2120131,212,85,3865,81100.0,1126773,2632542.0,16.67,55.06,28.56,82.44,17.56,59.0,41.11,857,2.02,1.55
가산디지털단지,2022,4,외식업,0.1708542714,2120131,212,85,3865,81100.0,1126773,2632542.0,22.45,54.64,22.82,88.45,11.64,60.45,39.64,1015,6.21,7.34
가산디지털단지,2022,4,유통업,0.2962962963,2120131,212,85,3865,81100.0,1126773,2632542.0,12.8,49.8,37.6,79.45,20.6,54.3,45.8,3232,0.97,1.93
강남구청역,2022,1,외식업,0.16,2120203,88,10,1522,7726.0,1562580,3950137.0,21.36,53.36,25.73,82.73,17.27,55.91,44.45,305,4.7,2.99
강남구청역,2022,1,유통업,0.2666666667,2120203,88,10,1522,7726.0,1562580,3950137.0,9.89,48.0,42.22,80.78,19.28,48.78,51.39,375,0.85,1.97
강남구청역,2022,2,외식업,0.1,2120203,88,10,1522,7726.0,1659264,3950137.0,23.0,52.64,25.0,81.18,18.91,51.73,48.36,307,4.66,3.81
강남구청역,2022,2,유통업,0.1875,2120203,88,10,1522,7726.0,1659264,3950137.0,10.82,51.94,37.53,75.0,25.12,54.94,45.06,379,1.95,1.11
강남구청역,2022,3,외식업,0.0,2120203,88,10,1522,7726.0,1603217,3950137.0,22.82,53.73,23.55,83.36,16.82,52.91,47.18,306,2.95,3.38
강남구청역,2022,3,유통업,0.380952381,2120203,88,10,1522,7726.0,1603217,3950137.0,10.24,59.59,30.41,83.59,16.53,46.29,53.71,383,1.93,0.55
강남구청역,2022,4,외식업,0.0416666667,2120203,88,10,1522,7726.0,1656554,3950137.0,24.73,53.0,22.73,80.82,19.27,49.73,50.27,310,5.0,3.33
강남구청역,2022,4,유통업,0.2857142857,2120203,88,10,1522,7726.0,1656554,3950137.0,11.53,53.59,35.12,74.29,25.88,49.12,51.06,389,2.45,0.54
강남역,2022,1,서비스업,0.1685393258,2120189,380,36,5977,72613.0,5944182,4451444.0,24.95,44.25,31.05,80.0,20.15,47.6,52.45,2104,1.6,1.31
강남역,2022,1,외식업,0.1123595506,2120189,380,36,5977,72613.0,5944182,4451444.0,37.09,40.91,22.45,76.64,23.45,49.36,50.82,1301,2.4,3.8
강남역,2022,1,유통업,0.1944444444,2120189,380,36,5977,72613.0,5944182,4451444.0,23.37,46.89,30.11,79.47,20.79,48.74,51.32,1433,1.36,1.66
강남역,2022,2,서비스업,0.1937172775,2120189,380,36,5977,72613.0,6654974,4451444.0,24.38,46.48,29.52,79.1,21.0,49.62,50.52,2104,2.09,1.7
강남역,2022,2,외식업,0.170212766,2120189,380,36,5977,72613.0,6654974,4451444.0,34.82,42.09,23.36,77.0,23.09,51.27,48.73,1302,4.29,3.59
강남역,2022,2,유통업,0.3714285714,2120189,380,36,5977,72613.0,6654974,4451444.0,22.63,40.74,37.05,81.0,19.05,46.0,54.11,1438,1.72,0.6
강남역,2022,3,서비스업,0.2794117647,2120189,380,36,5977,72613.0,6620213,4451444.0,24.95,47.38,28.0,80.24,19.81,49.33,50.67,2108,1.65,1.45
강남역,2022,3,외식업,0.2181818182,2120189,380,36,5977,72613.0,6620213,4451444.0,36.36,49.0,15.27,77.45,22.64,48.27,51.91,1302,4.76,4.66
강남역,2022,3,유통업,0.2058823529,2120189,380,36,5977,72613.0,6620213,4451444.0,30.05,45.63,24.79,79.11,20.95,46.79,53.37,1430,1.58,1.96
강남역,2022,4,서비스업,0.2829268293,2120189,380,36,5977,72613.0,6559339,4451444.0,23.67,50.38,26.24,78.33,21.71,54.0,46.0,2107,1.79,1.84
강남역,2022,4,외식업,0.125,2120189,380,36,5977,72613.0,6559339,4451444.0,34.45,44.09,21.45,76.09,23.91,48.45,51.64,1308,4.11,3.52
강남역,2022,4,유통업,0.2777777778,2120189,380,36,5977,72613.0,6559339,4451444.0,25.79,43.21,31.21,80.47,19.68,51.68,48.42,1428,1.51,1.21
강동구청역,2022,1,외식업,0.2142857143,2120242,44,11,3520,4528.0,1679597,2893980.0,14.7,51.4,34.0,72.1,28.1,56.9,43.1,240,4.95,1.49
강동구청역,2022,2,외식업,0.2580645161,2120242,44,11,3520,4528.0,1625407,2893980.0,14.8,52.7,32.5,69.0,31.0,56.2,43.8,237,4.46,3.96
강동구청역,2022,3,외식업,0.2424242424,2120242,44,11,3520,4528.0,1564968,2893980.0,13.8,52.5,34.1,73.3,26.8,58.7,41.4,235,7.0,7.5
강동구청역,2022,4,외식업,0.21875,2120242,44,11,3520,4528.0,1589292,2893980.0,14.4,51.0,34.8,71.8,28.3,55.9,44.2,232,3.54,5.05
강동역 4번(강풀만화거리),2022,1,유통업,0.2,2111059,27,7,11543,819.0,3961743,2678485.0,16.12,36.88,47.41,73.24,26.82,47.41,52.59,162,5.26,1.32
강동역 4번(강풀만화거리),2022,2,유통업,0.3125,2111059,27,7,11543,819.0,3820521,2678485.0,8.47,30.07,61.8,83.93,16.13,43.13,56.93,167,5.1,2.55
강동역 4번(강풀만화거리),2022,3,유통업,0.2857142857,2111059,27,7,11543,819.0,3738076,2678485.0,13.19,43.81,43.19,79.69,20.38,51.44,48.62,167,3.82,3.18
강동역 4번(강풀만화거리),2022,4,유통업,0.4736842105,2111059,27,7,11543,819.0,3725204,2678485.0,6.19,35.75,58.38,74.56,25.56,38.25,61.88,165,1.94,3.23
강변역(테크노마트),2022,1,유통업,0.2222222222,2120060,27,3,5,3189.0,190884,649133.0,11.86,40.62,48.0,65.24,34.81,53.05,47.05,938,0.22,0.98
강변역(테크노마트),2022,2,유통업,0.2857142857,2120060,27,3,5,3189.0,210182,649133.0,13.76,38.19,48.38,63.81,36.29,53.9,46.24,937,0.33,0.33
강변역(테크노마트),2022,3,유통업,0.1764705882,2120060,27,3,5,3189.0,205829,649133.0,12.43,39.76,48.19,70.43,29.81,55.86,44.19,926,0.77,1.98
강변역(테크노마트),2022,4,유통업,0.25,2120060,27,3,5,3189.0,196986,649133.0,12.71,40.14,47.57,68.76,31.33,50.86,49.19,921,0.55,0.77
강서구청,2022,1,외식업,0.1904761905,2120122,65,16,6458,2137.0,1511398,2706710.0,18.45,50.91,31.0,70.73,29.27,59.0,41.27,358,3.42,3.08
강서구청,2022,2,외식업,0.1578947368,2120122,65,16,6458,2137.0,1517697,2706710.0,19.91,51.36,29.0,71.27,28.82,59.91,40.09,370,5.96,1.99
강서구청,2022,3,외식업,0.15,2120122,65,16,6458,2137.0,1490557,2706710.0,19.55,49.91,30.45,71.36,28.73,59.36,40.73,369,5.63,6.29
강서구청,2022,4,외식업,0.1304347826,2120122,65,16,6458,2137.0,1471722,2706710.0,20.09,50.55,29.73,69.73,30.36,58.18,41.82,373,6.51,5.21
건대입구역(건대),2022,1,서비스업,0.0952380952,2120053,85,11,3961,859.0,2453791,2692807.0,45.62,33.56,21.25,76.38,23.69,46.5,53.5,377,2.48,1.38
건대입구역(건대),2022,1,외식업,0.1304347826,2120053,85,11,3961,859.0,2453791,2692807.0,50.36,35.27,14.55,66.55,33.64,51.27,48.73,610,4.28,3.15
건대입구역(건대),2022,1,유통업,0.3333333333,2120053,85,11,3961,859.0,2453791,2692807.0,42.38,39.69,18.0,73.54,26.46,42.69,57.38,357,1.88,2.19
건대입구역(건대),2022,2,서비스업,0.3157894737,2120053,85,11,3961,859.0,2878442,2692807.0,43.88,35.94,20.19,75.88,24.31,47.75,52.44,377,1.1,0.83
건대입구역(건대),2022,2,외식업,0.1571428571,2120053,85,11,3961,859.0,2878442,2692807.0,50.09,34.73,15.55,66.0,34.09,51.0,49.0,609,4.25,3.8
건대입구역(건대),2022,2,유통업,0.1904761905,2120053,85,11,3961,859.0,2878442,2692807.0,40.23,39.15,20.77,68.23,31.92,42.69,57.46,355,1.26,0.94
건대입구역(건대),2022,3,서비스업,0.2941176471,2120053,85,11,3961,859.0,2723270,2692807.0,42.53,40.13,17.6,75.6,24.47,43.27,56.93,375,3.06,3.33
건대입구역(건대),2022,3,외식업,0.1866666667,2120053,85,11,3961,859.0,2723270,2692807.0,49.82,35.45,15.55,67.64,32.36,51.27,48.82,613,6.81,5.93
건대입구역(건대),2022,3,유통업,0.15,2120053,85,11,3961,859.0,2723270,2692807.0,44.25,37.92,18.25,73.0,27.08,40.25,59.75,346,1.96,4.9
건대입구역(건대),2022,4,서비스업,0.3333333333,2120053,85,11,3961,859.0,2702814,2692807.0,40.27,36.73,23.13,72.2,27.87,44.2,55.8,378,3.03,2.2
건대입구역(건대),2022,4,외식업,0.1234567901,2120053,85,11,3961,859.0,2702814,2692807.0,49.36,35.0,16.0,66.0,34.18,49.64,50.45,613,4.15,4.15
건대입구역(건대),2022,4,유통업,0.2857142857,2120053,85,11,3961,859.0,2702814,2692807.0,45.83,36.08,18.33,70.75,29.75,42.75,57.42,342,1.32,2.96
경의선책거리,2022,1,서비스업,0.1428571429,2110566,24,6,1846,1690.0,1250101,3010858.0,30.5,40.5,29.5,75.9,24.2,42.9,57.1,129,0.78,0.0
경의선책거리,2022,2,서비스업,0.3684210526,2110566,24,6,1846,1690.0,1320297,3010858.0,24.7,39.0,36.4,76.6,23.5,46.3,53.9,134,4.51,0.75
경의선책거리,2022,3,서비스업,0.3888888889,2110566,24,6,1846,1690.0,1398311,3010858.0,21.09,45.73,33.82,80.64,19.45,46.64,53.55,141,6.43,1.43
경의선책거리,2022,4,서비스업,0.3125,2110566,24,6,1846,1690.0,1414832,3010858.0,34.45,39.91,26.0,78.36,21.73,34.82,65.18,140,2.16,2.88
경희대학교(경희대),2022,1,외식업,0.1111111111,2120064,16,3,761,97.0,887240,3055507.0,48.8,31.2,20.0,73.4,26.7,52.1,48.1,270,2.37,1.42
경희대학교(경희대),2022,2,외식업,0.2105263158,2120064,16,3,761,97.0,1073300,3055507.0,48.6,32.6,19.2,73.3,26.7,50.9,49.2,275,7.04,3.29
경희대학교(경희대),2022,3,외식업,0.0952380952,2120064,16,3,761,97.0,1039644,3055507.0,50.3,31.2,18.8,76.4,23.7,51.9,48.2,274,4.19,4.65
경희대학교(경희대),2022,4,외식업,0.0526315789,2120064,16,3,761,97.0,1128089,3055507.0,50.6,30.0,19.8,72.4,28.0,51.8,48.3,274,6.39,5.94
광화문역,2022,1,외식업,0.0833333333,2120003,116,15,3046,44202.0,922310,5510963.0,18.18,52.27,29.55,83.18,17.0,51.82,48.27,649,1.6,1.78
광화문역,2022,2,외식업,0.131147541,2120003,116,15,3046,44202.0,1099641,5510963.0,17.18,52.09,30.55,82.91,17.27,52.09,48.0,653,4.23,3.52
광화문역,2022,3,외식업,0.0819672131,2120003,116,15,3046,44202.0,1116455,5510963.0,17.73,52.91,29.09,81.82,18.45,51.36,48.73,655,4.93,4.58
광화문역,2022,4,외식업,0.1666666667,2120003,116,15,3046,44202.0,1140984,5510963.0,18.73,50.91,30.73,81.0,19.18,51.91,48.18,661,4.55,3.32
교대역(법원.검찰청),2022,1,서비스업,0.2820512821,2120173,175,23,5253,18197.0,3712454,5037551.0,12.28,48.78,38.78,80.17,19.89,53.11,47.06,2718,1.3,1.41
교대역(법원.검찰청),2022,1,외식업,0.1489361702,2120173,175,23,5253,18197.0,3712454,5037551.0,17.45,48.09,34.73,83.73,16.36,62.27,37.73,694,3.68,2.76
교대역(법원.검찰청),2022,2,서비스업,0.2564102564,2120173,175,23,5253,18197.0,3992040,5037551.0,12.3,44.1,43.65,81.15,19.0,54.8,45.3,2729,1.7,0.81
교대역(법원.검찰청),2022,2,외식업,0.2075471698,2120173,175,23,5253,18197.0,3992040,5037551.0,17.18,48.55,34.82,83.18,17.09,61.09,39.0,694,3.47,2.37
교대역(법원.검찰청),2022,3,서비스업,0.2888888889,2120173,175,23,5253,18197.0,3988034,5037551.0,13.65,46.7,39.85,82.85,17.2,51.2,48.85,2735,1.77,1.48
교대역(법원.검찰청),2022,3,외식업,0.2068965517,2120173,175,23,5253,18197.0,3988034,5037551.0,20.45,46.09,33.73,84.27,15.73,58.09,42.18,683,4.07,5.91
교대역(법원.검찰청),2022,4,서비스업,0.3488372093,2120173,175,23,5253,18197.0,4070847,5037551.0,10.95,46.95,42.24,82.76,17.33,57.52,42.52,2734,1.4,1.4
교대역(법원.검찰청),2022,4,외식업,0.25,2120173,175,23,5253,18197.0,4070847,5037551.0,18.82,47.18,34.73,82.73,17.45,59.73,40.55,687,5.29,4.74
구로디지털단지,2022,1,외식업,0.1384615385,2120129,76,19,8,47750.0,939782,3778166.0,23.45,59.64,17.45,89.55,10.55,61.91,38.09,455,5.86,2.93
구로디지털단지,2022,2,외식업,0.2131147541,2120129,76,19,8,47750.0,1020768,3778166.0,22.82,55.73,21.73,89.09,11.09,59.18,40.91,457,6.15,4.85
구로디지털단지,2022,3,외식업,0.2686567164,2120129,76,19,8,47750.0,998409,3778166.0,23.45,56.55,20.09,86.73,13.36,60.64,39.45,455,4.84,6.13
구로디지털단지,2022,4,외식업,0.2253521127,2120129,76,19,8,47750.0,1006716,3778166.0,24.82,53.91,21.73,87.0,13.0,59.36,40.91,469,8.41,4.05
구로디지털단지역,2022,1,외식업,0.1904761905,2120130,50,13,2067,1136.0,1232304,2616631.0,29.0,50.9,20.5,74.7,25.4,59.4,40.6,277,2.83,0.94
구로디지털단지역,2022,2,외식업,0.15,2120130,50,13,2067,1136.0,1340995,2616631.0,29.5,50.8,20.1,74.4,26.0,59.8,40.4,274,2.87,2.87
구로디지털단지역,2022,3,외식업,0.0952380952,2120130,50,13,2067,1136.0,1293580,2616631.0,28.8,51.5,20.0,74.9,25.1,59.3,40.9,274,2.84,2.84
구로디지털단지역,2022,4,외식업,0.0833333333,2120130,50,13,2067,1136.0,1442010,2616631.0,29.4,50.0,20.6,72.2,27.8,59.2,40.9,270,3.37,5.29
구로역,2022,1,유통업,0.1515151515,2120125,70,20,2166,9291.0,534714,3465240.0,4.6,34.53,61.33,96.53,3.6,76.4,23.73,2659,0.27,0.61
구로역,2022,2,유통업,0.3666666667,2120125,70,20,2166,9291.0,561877,3465240.0,4.47,36.06,59.65,95.82,4.24,70.94,29.12,2647,0.34,0.38
구로역,2022,3,유통업,0.2352941176,2120125,70,20,2166,9291.0,546641,3465240.0,5.2,33.53,61.4,96.8,3.27,72.4,27.6,2637,0.38,0.57
구로역,2022,4,유통업,0.3823529412,2120125,70,20,2166,9291.0,514341,3465240.0,3.76,30.94,65.47,89.35,10.71,72.18,27.94,2626,0.42,0.58
구역삼세무서,2022,1,외식업,0.0731707317,2120198,33,7,7376,11531.0,2094724,3332219.0,20.9,51.1,28.2,87.6,12.5,65.1,34.9,311,4.96,2.29
구역삼세무서,2022,1,유통업,0.15,2120198,33,7,7376,11531.0,2094724,3332219.0,11.19,50.69,38.25,69.62,30.44,62.69,37.31,407,1.59,1.06
구역삼세무서,2022,2,외식업,0.1463414634,2120198,33,7,7376,11531.0,2074765,3332219.0,20.5,53.7,25.6,86.0,14.0,63.8,36.4,318,7.38,4.43
구역삼세무서,2022,2,유통업,0.1904761905,2120198,33,7,7376,11531.0,2074765,3332219.0,11.27,54.33,34.47,79.53,20.67,53.13,46.93,410,2.88,1.57
구역삼세무서,2022,3,외식업,0.1590909091,2120198,33,7,7376,11531.0,2018590,3332219.0,21.9,52.4,26.4,86.9,13.1,63.0,37.0,318,5.17,5.17
구역삼세무서,2022,3,유통업,0.4285714286,2120198,33,7,7376,11531.0,2018590,3332219.0,16.65,43.82,39.65,82.0,18.18,52.06,48.06,404,1.32,2.38
구역삼세무서,2022,4,외식업,0.1304347826,2120198,33,7,7376,11531.0,1933062,3332219.0,21.4,55.6,23.0,86.9,13.2,63.3,36.7,328,7.17,3.58
구역삼세무서,2022,4,유통업,0.380952381,2120198,33,7,7376,11531.0,1933062,3332219.0,12.12,50.31,37.69,73.31,26.69,51.19,48.81,402,1.06,1.86
구의역,2022,1,외식업,0.0952380952,2120056,63,11,4755,2200.0,1293409,2962833.0,21.09,46.64,32.09,73.55,26.45,63.36,36.64,293,2.7,1.8
구의역,2022,2,외식업,0.0487804878,2120056,63,11,4755,2200.0,1317197,2962833.0,22.91,47.0,30.36,73.91,26.09,61.73,38.27,293,6.14,5.26
구의역,2022,3,외식업,0.0952380952,2120056,63,11,4755,2200.0,1267109,2962833.0,23.64,45.0,31.55,76.18,23.91,62.18,37.91,289,2.22,4.0
구의역,2022,4,외식업,0.0731707317,2120056,63,11,4755,2200.0,1287216,2962833.0,25.09,43.36,32.18,74.0,26.0,62.27,37.82,289,5.8,6.25
국회의사당역(국회의사당),2022,1,외식업,0.0952380952,2120148,70,11,2445,31135.0,415241,5019334.0,15.73,52.09,32.55,87.91,12.18,57.73,42.27,559,2.71,1.81
국회의사당역(국회의사당),2022,2,외식업,0.1395348837,2120148,70,11,2445,31135.0,478580,5019334.0,15.55,54.64,29.91,84.91,15.18,55.36,44.73,564,3.77,2.22
국회의사당역(국회의사당),2022,3,외식업,0.119047619,2120148,70,11,2445,31135.0,472032,5019334.0,16.64,54.09,29.45,87.91,12.18,54.45,45.55,563,3.1,3.33
국회의사당역(국회의사당),2022,4,외식업,0.1914893617,2120148,70,11,2445,31135.0,483456,5019334.0,16.82,50.82,32.36,86.73,13.36,54.27,45.73,570,4.34,2.82
군자역,2022,1,서비스업,0.2352941176,2120055,93,16,6446,4255.0,1903976,2595603.0,18.18,41.12,40.88,74.53,25.76,55.71,44.35,416,2.7,1.47
군자역,2022,1,외식업,0.109375,2120055,93,16,6446,4255.0,1903976,2595603.0,28.5,46.9,24.7,71.3,28.8,56.1,43.9,355,3.12,2.08
군자역,2022,2,서비스업,0.32,2120055,93,16,6446,4255.0,1980619,2595603.0,21.56,46.06,32.62,72.5,27.5,54.94,45.19,417,1.47,1.22
군자역,2022,2,외식업,0.1803278689,2120055,93,16,6446,4255.0,1980619,2595603.0,27.8,48.3,24.5,70.8,29.2,54.4,45.7,357,5.92,3.83
군자역,2022,3,서비스업,0.1,2120055,93,16,6446,4255.0,1962813,2595603.0,19.06,47.62,33.38,77.81,22.31,55.06,45.0,421,2.66,1.69
군자역,2022,3,외식업,0.203125,2120055,93,16,6446,4255.0,1962813,2595603.0,28.6,47.5,24.2,71.7,28.3,54.5,45.6,350,5.32,8.16
군자역,2022,4,서비스업,0.2333333333,2120055,93,16,6446,4255.0,2034031,2595603.0,23.82,42.53,33.88,78.24,21.94,55.88,44.12,424,1.92,0.96
군자역,2022,4,외식업,0.1333333333,2120055,93,16,6446,4255.0,2034031,2595603.0,30.3,44.8,25.2,68.7,31.4,55.2,44.8,357,6.83,4.44
길동역,2022,1,외식업,0.2127659574,2120246,129,11,5959,3399.0,2775515,2821777.0,21.55,49.09,29.64,65.09,35.09,57.0,43.0,359,3.64,1.82
길동역,2022,2,외식업,0.2083333333,2120246,129,11,5959,3399.0,2818714,2821777.0,24.36,46.45,29.36,69.91,30.18,57.36,42.82,356,3.28,3.28
길동역,2022,3,외식업,0.0888888889,2120246,129,11,5959,3399.0,2813206,2821777.0,27.09,44.36,28.45,68.0,32.18,54.45,45.55,348,6.69,8.92
길동역,2022,4,외식업,0.2127659574,2120246,129,11,5959,3399.0,2887282,2821777.0,19.55,51.18,29.73,65.09,34.91,58.0,42.09,332,1.95,8.17
노량진역(노량진),2022,1,외식업,0.2380952381,2120153,73,23,2370,3699.0,1362253,2746389.0,31.73,39.18,29.09,74.64,25.36,58.36,41.73,451,1.88,1.34
노량진역(노량진),2022,2,외식업,0.4285714286,2120153,73,23,2370,3699.0,1338248,2746389.0,31.36,39.45,29.45,74.09,26.09,58.73,41.45,454,4.27,2.4
노량진역(노량진),2022,3,외식업,0.4090909091,2120153,73,23,2370,3699.0,1266874,2746389.0,32.73,38.91,28.82,75.09,25.09,58.0,42.09,446,2.96,4.85
노량진역(노량진),2022,4,외식업,0.2083333333,2120153,73,23,2370,3699.0,1265944,2746389.0,31.27,40.64,28.45,72.18,27.91,59.0,41.0,445,5.14,5.14
노원역,2022,1,서비스업,0.1090909091,2120081,217,29,1060,1552.0,3759216,2584230.0,20.35,41.4,38.2,76.0,24.2,48.45,51.65,718,1.62,1.32
노원역,2022,1,외식업,0.2352941176,2120081,217,29,1060,1552.0,3759216,2584230.0,30.91,41.55,27.36,66.09,34.09,52.27,48.0,664,3.05,1.83
노원역,2022,2,서비스업,0.2037037037,2120081,217,29,1060,1552.0,3973973,2584230.0,21.53,44.11,34.63,76.89,23.16,49.47,50.68,717,2.06,1.77
노원역,2022,2,외식업,0.2117647059,2120081,217,29,1060,1552.0,3973973,2584230.0,29.36,43.55,27.0,66.55,33.45,52.45,47.91,667,5.03,3.82
노원역,2022,3,서비스업,0.2321428571,2120081,217,29,1060,1552.0,3934971,2584230.0,21.0,41.26,38.0,75.79,24.21,48.84,51.26,724,3.35,2.33
노원역,2022,3,외식업,0.191011236,2120081,217,29,1060,1552.0,3934971,2584230.0,30.09,43.64,26.27,67.73,32.45,51.18,48.82,666,4.8,5.0
노원역,2022,4,서비스업,0.1666666667,2120081,217,29,1060,1552.0,3877958,2584230.0,22.0,40.89,37.47,72.89,27.11,50.47,49.63,723,2.91,3.06
노원역,2022,4,외식업,0.2197802198,2120081,217,29,1060,1552.0,3877958,2584230.0,28.0,43.36,28.73,66.64,33.64,51.09,49.18,671,5.52,4.54
논현역,2022,1,서비스업,0.0869565217,2120185,105,10,3768,12764.0,2481951,3209642.0,26.93,49.0,24.73,80.47,19.73,51.27,48.87,623,1.48,1.15
논현역,2022,1,외식업,0.1904761905,2120185,105,10,3768,12764.0,2481951,3209642.0,21.64,56.09,22.64,80.27,19.82,63.0,37.0,406,3.58,1.79
논현역,2022,2,서비스업,0.2105263158,2120185,105,10,3768,12764.0,2596952,3209642.0,22.87,51.73,25.53,83.73,16.27,49.93,50.2,624,1.97,1.48
논현역,2022,2,외식업,0.203125,2120185,105,10,3768,12764.0,2596952,3209642.0,22.45,55.91,22.0,79.36,20.73,54.73,45.27,412,5.26,2.92
논현역,2022,3,서비스업,0.1666666667,2120185,105,10,3768,12764.0,2634519,3209642.0,23.07,53.13,23.93,81.47,18.6,49.8,50.33,631,2.92,1.78
논현역,2022,3,외식업,0.1940298507,2120185,105,10,3768,12764.0,2634519,3209642.0,23.73,56.18,20.09,81.91,18.18,52.45,47.55,410,5.54,5.83
논현역,2022,4,서비스업,0.1666666667,2120185,105,10,3768,12764.0,2566547,3209642.0,27.19,47.81,25.31,79.56,20.5,48.94,51.12,632,1.78,1.45
논현역,2022,4,외식업,0.3088235294,2120185,105,10,3768,12764.0,2566547,3209642.0,23.36,47.36,29.45,78.36,21.73,62.0,38.09,415,4.9,3.17
당산역,2022,1,외식업,0.125,2120143,83,14,3447,2723.0,967748,3616807.0,27.9,48.2,23.7,74.5,25.5,55.8,44.4,241,0.54,3.24
당산역,2022,2,외식업,0.0,2120143,83,14,3447,2723.0,1025491,3616807.0,31.91,46.82,21.73,76.09,24.0,48.45,51.64,239,0.54,1.09
당산역,2022,3,외식업,0.0526315789,2120143,83,14,3447,2723.0,996521,3616807.0,24.82,50.82,24.55,77.45,22.64,53.09,46.91,238,4.37,4.92
당산역,2022,4,외식업,0.0,2120143,83,14,3447,2723.0,1019056,3616807.0,30.64,47.55,21.91,75.36,24.73,53.27,46.82,239,3.78,3.24
대학로(혜화역),2022,1,서비스업,0.1666666667,2120012,62,13,2001,2061.0,2234741,3194971.0,32.07,41.07,27.0,76.93,23.2,46.6,53.47,255,3.24,1.21
대학로(혜화역),2022,1,외식업,0.1176470588,2120012,62,13,2001,2061.0,2234741,3194971.0,40.2,39.1,21.1,64.6,35.6,46.2,53.9,656,2.55,2.55
대학로(혜화역),2022,1,유통업,0.1176470588,2120012,62,13,2001,2061.0,2234741,3194971.0,29.35,46.59,24.18,76.71,23.41,45.94,54.29,279,3.14,2.75
대학로(혜화역),2022,2,서비스업,0.2777777778,2120012,62,13,2001,2061.0,2602293,3194971.0,43.07,34.93,22.33,71.27,28.8,37.8,62.27,249,2.07,2.9
대학로(혜화역),2022,2,외식업,0.1294117647,2120012,62,13,2001,2061.0,2602293,3194971.0,39.6,41.1,19.5,64.9,35.2,44.7,55.3,666,4.05,1.54
대학로(혜화역),2022,2,유통업,0.4117647059,2120012,62,13,2001,2061.0,2602293,3194971.0,29.19,40.5,30.56,75.31,24.75,40.69,59.38,281,1.95,0.78
대학로(혜화역),2022,3,서비스업,0.2631578947,2120012,62,13,2001,2061.0,2566325,3194971.0,33.29,44.07,22.64,75.57,24.64,42.07,58.0,249,3.33,3.33
대학로(혜화역),2022,3,외식업,0.1555555556,2120012,62,13,2001,2061.0,2566325,3194971.0,40.3,39.9,19.9,65.0,35.2,44.4,55.7,661,3.47,4.43
대학로(혜화역),2022,3,유통업,0.3461538462,2120012,62,13,2001,2061.0,2566325,3194971.0,30.62,39.12,30.56,76.0,24.12,45.31,54.94,283,2.7,1.93
대학로(혜화역),2022,4,서비스업,0.1666666667,2120012,62,13,2001,2061.0,2697283,3194971.0,31.8,37.2,31.27,75.8,24.33,38.47,61.87,257,3.64,0.4
대학로(혜화역),2022,4,외식업,0.1395348837,2120012,62,13,2001,2061.0,2697283,3194971.0,38.7,39.6,21.4,63.5,36.5,43.3,56.7,662,4.79,4.21
대학로(혜화역),2022,4,유통업,0.4074074074,2120012,62,13,2001,2061.0,2697283,3194971.0,30.5,37.5,32.25,70.75,29.38,44.12,55.88,282,2.33,2.71
도화동 상점가,2022,1,서비스업,0.1111111111,2130195,42,8,2281,1055.0,905152,3043734.0,8.27,55.2,36.87,83.07,16.93,53.13,46.93,174,0.61,1.22
도화동 상점가,2022,1,외식업,0.1666666667,2130195,42,8,2281,1055.0,905152,3043734.0,16.8,49.0,34.6,78.6,21.5,58.0,42.3,301,2.42,3.63
도화동 상점가,2022,2,서비스업,0.2222222222,2130195,42,8,2281,1055.0,944960,3043734.0,7.93,55.67,36.8,81.07,18.93,52.47,47.73,171,0.62,1.85
도화동 상점가,2022,2,외식업,0.0,2130195,42,8,2281,1055.0,944960,3043734.0,17.4,52.0,30.8,78.5,21.6,58.0,42.1,303,5.53,4.74
도화동 상점가,2022,3,서비스업,0.1052631579,2130195,42,8,2281,1055.0,894502,3043734.0,6.8,54.13,39.6,82.27,17.73,55.53,44.47,175,3.01,0.6
도화동 상점가,2022,3,외식업,0.0476190476,2130195,42,8,2281,1055.0,894502,3043734.0,16.3,51.9,32.0,79.9,20.3,57.8,42.2,303,3.52,3.52
도화동 상점가,2022,4,서비스업,0.0952380952,2130195,42,8,2281,1055.0,866670,3043734.0,5.73,50.87,43.33,75.47,24.6,51.73,48.4,173,4.88,4.88
도화동 상점가,2022,4,외식업,0.0869565217,2130195,42,8,2281,1055.0,866670,3043734.0,16.7,52.4,31.4,78.0,22.0,59.0,41.1,306,2.7,1.93
둔촌역,2022,1,외식업,0.3333333333,2120245,80,7,2664,1884.0,1105332,2946954.0,16.18,50.45,33.55,68.82,31.27,62.82,37.27,276,2.18,1.31
둔촌역,2022,2,외식업,0.3333333333,2120245,80,7,2664,1884.0,1083917,2946954.0,17.64,51.09,31.36,67.82,32.27,62.91,37.18,273,3.11,4.44
둔촌역,2022,3,외식업,0.5,2120245,80,7,2664,1884.0,1041722,2946954.0,17.09,48.73,34.45,68.18,31.82,63.73,36.36,272,4.91,4.91
둔촌역,2022,4,외식업,0.1578947368,2120245,80,7,2664,1884.0,1105121,2946954.0,17.55,52.82,29.91,66.45,33.64,62.36,37.82,270,4.95,5.86
등촌역,2022,1,서비스업,0.2105263158,2120112,46,7,4543,1633.0,1197582,2925158.0,12.82,49.12,38.29,78.82,21.29,53.59,46.53,237,2.2,1.32
등촌역,2022,2,서비스업,0.1,2120112,46,7,4543,1633.0,1209306,2925158.0,13.41,45.94,41.06,82.18,17.82,47.71,52.41,237,2.64,1.76
등촌역,2022,3,서비스업,0.2380952381,2120112,46,7,4543,1633.0,1252484,2925158.0,11.53,43.94,44.53,79.76,20.24,62.24,37.94,235,2.22,3.11
등촌역,2022,4,서비스업,0.2380952381,2120112,46,7,4543,1633.0,1373419,2925158.0,12.35,44.53,43.29,77.76,22.41,54.88,45.12,235,0.89,0.89
뚝섬역,2022,1,외식업,0.0,2120051,39,8,1959,3944.0,1401035,3051479.0,36.0,46.89,17.78,71.11,29.0,50.78,49.44,280,1.63,1.63
뚝섬역,2022,2,외식업,0.05,2120051,39,8,1959,3944.0,1597745,3051479.0,34.4,49.5,16.8,70.9,29.1,50.6,49.5,285,5.56,3.17
뚝섬역,2022,3,외식업,0.0476190476,2120051,39,8,1959,3944.0,1556672,3051479.0,34.4,47.4,18.0,74.1,25.9,48.5,51.6,292,5.43,3.1
뚝섬역,2022,4,외식업,0.1,2120051,39,8,1959,3944.0,1635885,3051479.0,41.2,41.6,17.8,64.4,35.7,45.4,54.7,297,7.25,5.34
로데오거리상점가,2022,1,외식업,0.1904761905,2130318,37,4,773,266.0,364333,3397303.0,36.7,42.9,20.9,64.8,35.3,57.9,42.2,198,2.04,2.04
로데오거리상점가,2022,2,외식업,0.0952380952,2130318,37,4,773,266.0,385128,3397303.0,36.6,44.8,18.7,63.4,36.7,56.3,43.7,198,3.38,2.7
로데오거리상점가,2022,3,외식업,0.0952380952,2130318,37,4,773,266.0,384799,3397303.0,36.5,43.7,20.3,65.9,34.2,55.9,44.2,195,3.42,5.48
로데오거리상점가,2022,4,외식업,0.2105263158,2130318,37,4,773,266.0,381567,3397303.0,37.1,44.1,18.9,62.6,37.4,56.2,43.9,190,0.69,4.17
르네상스호텔사거리,2022,1,외식업,0.15,2120204,30,3,1595,41471.0,1341911,3950805.0,14.33,52.0,33.89,90.89,9.33,60.89,39.33,150,4.1,1.64
르네상스호텔사거리,2022,2,외식업,0.375,2120204,30,3,1595,41471.0,1461352,3950805.0,13.89,53.89,32.33,90.22,9.78,62.78,37.44,149,4.13,4.96
르네상스호텔사거리,2022,3,외식업,0.125,2120204,30,3,1595,41471.0,1441922,3950805.0,14.11,58.89,27.22,91.11,9.0,67.67,32.67,149,3.31,3.31
르네상스호텔사거리,2022,4,외식업,0.1764705882,2120204,30,3,1595,41471.0,1439261,3950805.0,14.0,57.44,28.67,91.22,8.78,71.0,29.11,152,3.25,0.81
마곡역(마곡),2022,1,외식업,0.2058823529,2120118,36,11,1725,763.0,82771,3643754.0,21.33,59.33,19.67,82.0,18.0,55.67,44.33,273,7.87,6.02
마곡역(마곡),2022,2,외식업,0.1538461538,2120118,36,11,1725,763.0,87536,3643754.0,16.33,63.67,19.67,73.67,26.67,57.0,43.0,294,15.9,6.69
마곡역(마곡),2022,3,외식업,0.225,2120118,36,11,1725,763.0,86138,3643754.0,18.33,60.67,21.33,74.67,25.33,58.0,42.0,303,11.48,7.79
마곡역(마곡),2022,4,외식업,0.2173913043,2120118,36,11,1725,763.0,86879,3643754.0,21.0,58.33,20.67,80.67,19.33,55.67,44.33,306,6.91,5.69
망리단길,2022,1,외식업,0.1777777778,2110544,41,15,12772,1203.0,4185374,2648749.0,27.9,52.1,20.3,61.0,39.4,48.9,51.3,346,4.0,1.54
망리단길,2022,1,유통업,0.2222222222,2110544,41,15,12772,1203.0,4185374,2648749.0,20.31,34.06,45.69,70.62,29.44,40.75,59.38,304,2.06,1.37
망리단길,2022,2,외식업,0.1764705882,2110544,41,15,12772,1203.0,4189866,2648749.0,27.7,51.0,21.0,58.4,41.6,46.2,53.8,354,7.51,4.2
망리단길,2022,2,유통업,0.375,2110544,41,15,12772,1203.0,4189866,2648749.0,14.41,44.82,40.94,71.82,28.29,45.88,54.29,313,4.0,0.67
망리단길,2022,3,외식업,0.232,2110544,41,15,12772,1203.0,4152239,2648749.0,29.3,50.5,20.5,60.2,40.0,46.2,53.8,359,5.9,4.42
망리단길,2022,3,유통업,0.3,2110544,41,15,12772,1203.0,4152239,2648749.0,20.19,36.81,43.44,70.0,30.0,42.88,57.25,317,4.61,2.96
망리단길,2022,4,외식업,0.184,2110544,41,15,12772,1203.0,3982164,2648749.0,30.7,48.6,21.5,57.7,42.4,46.8,53.3,368,6.92,4.32
망리단길,2022,4,유통업,0.2222222222,2110544,41,15,12772,1203.0,3982164,2648749.0,12.38,33.44,54.38,70.88,29.25,45.5,54.62,321,3.9,2.6
명일역,2022,1,서비스업,0.1904761905,2120248,90,16,2253,860.0,1564503,2784724.0,13.61,41.0,45.39,79.44,20.67,55.06,45.0,330,1.92,2.24
명일역,2022,1,외식업,0.0,2120248,90,16,2253,860.0,1564503,2784724.0,16.64,41.91,41.91,67.09,33.0,54.45,45.64,213,5.84,1.95
명일역,2022,2,서비스업,0.125,2120248,90,16,2253,860.0,1475263,2784724.0,13.06,44.39,42.5,77.72,22.33,54.0,46.06,329,1.93,1.29
명일역,2022,2,외식업,0.1538461538,2120248,90,16,2253,860.0,1475263,2784724.0,15.36,46.73,38.18,66.36,33.73,53.82,46.27,210,4.58,4.58
명일역,2022,3,서비스업,0.1481481481,2120248,90,16,2253,860.0,1421359,2784724.0,11.82,48.59,39.88,78.41,21.65,50.35,49.76,329,2.24,2.24
명일역,2022,3,외식업,0.037037037,2120248,90,16,2253,860.0,1421359,2784724.0,15.18,46.91,38.55,67.0,33.18,53.45,46.55,207,2.67,4.67
명일역,2022,4,서비스업,0.1851851852,2120248,90,16,2253,860.0,1469156,2784724.0,9.17,47.89,43.06,75.33,24.78,51.0,49.0,331,3.21,2.24
명일역,2022,4,외식업,0.0,2120248,90,16,2253,860.0,1469156,2784724.0,14.45,47.55,38.45,65.45,34.82,54.18,45.82,208,7.24,6.58
목동사거리,2022,1,외식업,0.0,2120111,42,5,2454,1828.0,731027,2561022.0,17.12,49.25,34.0,69.25,30.75,58.0,42.25,168,3.03,4.55
목동사거리,2022,2,외식업,0.2222222222,2120111,42,5,2454,1828.0,729100,2561022.0,16.25,51.38,32.5,69.38,30.75,54.38,45.62,167,3.03,3.79
목동사거리,2022,3,외식업,0.1111111111,2120111,42,5,2454,1828.0,686578,2561022.0,15.5,51.8,33.1,71.1,29.0,52.7,47.3,167,3.79,3.79
목동사거리,2022,4,외식업,0.2,2120111,42,5,2454,1828.0,703383,2561022.0,16.89,52.78,30.67,68.22,31.89,61.67,38.33,163,6.3,9.45
목동신시가지,2022,1,서비스업,0.125,2120114,89,6,10743,13614.0,1581274,6052411.0,9.25,55.69,35.06,75.25,24.75,44.06,56.19,875,2.99,2.04
목동신시가지,2022,2,서비스업,0.12,2120114,89,6,10743,13614.0,1587330,6052411.0,7.31,56.0,37.12,76.0,24.0,42.81,57.38,866,1.57,2.17
목동신시가지,2022,3,서비스업,0.0689655172,2120114,89,6,10743,13614.0,1506771,6052411.0,8.25,54.81,36.94,76.31,23.75,43.19,56.88,855,2.44,3.67
목동신시가지,2022,4,서비스업,0.1666666667,2120114,89,6,10743,13614.0,1312815,6052411.0,7.62,55.81,37.19,74.69,25.44,42.31,57.69,860,2.68,1.82
문래예술촌(문래창작촌),2022,1,외식업,0.0256410256,2110759,34,10,1255,4221.0,966823,3310666.0,36.6,47.0,16.9,61.4,38.7,52.6,47.5,239,4.76,2.6
문래예술촌(문래창작촌),2022,2,외식업,0.0731707317,2110759,34,10,1255,4221.0,1015230,3310666.0,34.6,48.9,16.3,65.7,34.5,51.5,48.6,245,5.49,2.95
문래예술촌(문래창작촌),2022,3,외식업,0.0222222222,2110759,34,10,1255,4221.0,975292,3310666.0,35.3,47.9,16.6,65.4,34.7,51.1,48.9,252,6.56,4.1
문래예술촌(문래창작촌),2022,4,외식업,0.0666666667,2110759,34,10,1255,4221.0,1058780,3310666.0,35.9,48.5,15.9,62.2,37.9,50.6,49.4,260,5.95,2.38
문정역,2022,1,서비스업,0.28125,2120235,55,1,4454,907.0,438283,3259965.0,13.0,45.0,42.17,93.17,7.17,48.33,51.67,624,3.15,1.82
문정역,2022,1,외식업,0.2011173184,2120235,55,1,4454,907.0,438283,3259965.0,23.09,58.64,18.45,86.82,13.18,60.91,39.18,681,4.59,3.67
문정역,2022,2,서비스업,0.25,2120235,55,1,4454,907.0,455832,3259965.0,12.83,54.17,33.17,87.0,13.0,57.5,42.5,627,2.64,1.65
문정역,2022,2,외식업,0.1871657754,2120235,55,1,4454,907.0,455832,3259965.0,23.82,58.18,18.55,86.36,13.64,61.64,38.45,702,9.89,5.3
문정역,2022,3,서비스업,0.2121212121,2120235,55,1,4454,907.0,455564,3259965.0,14.17,60.0,26.0,87.17,12.83,52.0,48.0,629,2.62,2.3
문정역,2022,3,외식업,0.2010582011,2120235,55,1,4454,907.0,455564,3259965.0,24.36,57.36,18.73,88.18,11.82,58.27,41.91,717,9.72,7.47
문정역,2022,4,서비스업,0.2307692308,2120235,55,1,4454,907.0,467687,3259965.0,16.83,46.83,37.0,94.67,5.33,51.5,48.5,635,2.91,1.46
문정역,2022,4,외식업,0.2487046632,2120235,55,1,4454,907.0,467687,3259965.0,24.82,58.64,16.64,87.18,12.91,59.64,40.36,715,6.42,6.94
미아사거리역,2022,1,외식업,0.0833333333,2120078,57,11,528,145.0,742799,2271078.0,24.8,47.2,28.4,66.9,33.5,50.9,49.2,197,5.37,4.7
미아사거리역,2022,2,외식업,0.1666666667,2120078,57,11,528,145.0,800361,2271078.0,23.8,48.4,28.3,64.6,35.5,49.2,50.8,189,2.78,6.25
미아사거리역,2022,3,외식업,0.0,2120078,57,11,528,145.0,785448,2271078.0,24.6,46.2,29.0,66.9,33.1,51.5,48.5,189,7.59,7.59
미아사거리역,2022,4,외식업,0.0588235294,2120078,57,11,528,145.0,788227,2271078.0,25.9,47.1,27.5,64.4,36.1,50.8,49.3,186,1.42,4.26
발산역(마곡),2022,1,서비스업,0.1739130435,2120119,105,19,2329,1427.0,733297,3324480.0,15.62,59.5,25.0,79.56,20.5,52.5,47.56,575,3.1,0.73
발산역(마곡),2022,1,외식업,0.1557377049,2120119,105,19,2329,1427.0,733297,3324480.0,20.82,49.36,30.09,74.36,25.73,53.45,46.64,801,7.08,4.25
발산역(마곡),2022,1,유통업,0.2173913043,2120119,105,19,2329,1427.0,733297,3324480.0,21.69,48.15,30.23,77.62,22.54,47.85,52.31,691,2.02,2.18
발산역(마곡),2022,2,서비스업,0.2638888889,2120119,105,19,2329,1427.0,769664,3324480.0,16.47,57.87,25.93,81.6,18.67,49.13,51.07,592,4.94,1.59
발산역(마곡),2022,2,외식업,0.184,2120119,105,19,2329,1427.0,769664,3324480.0,19.82,50.27,30.09,75.64,24.36,52.45,47.64,803,7.5,5.94
발산역(마곡),2022,2,유통업,0.1904761905,2120119,105,19,2329,1427.0,769664,3324480.0,22.86,44.57,33.0,79.14,20.93,38.86,61.21,702,3.21,1.07
발산역(마곡),2022,3,서비스업,0.2727272727,2120119,105,19,2329,1427.0,748428,3324480.0,18.2,56.8,25.0,80.67,19.33,51.53,48.93,602,4.87,3.48
발산역(마곡),2022,3,외식업,0.156133829,2120119,105,19,2329,1427.0,748428,3324480.0,20.18,46.91,33.0,77.18,22.82,52.73,47.36,812,11.43,10.37
발산역(마곡),2022,3,유통업,0.380952381,2120119,105,19,2329,1427.0,748428,3324480.0,16.77,43.62,39.85,82.38,17.69,39.08,61.15,705,3.04,2.44
발산역(마곡),2022,4,서비스업,0.2911392405,2120119,105,19,2329,1427.0,743930,3324480.0,25.56,48.12,26.38,80.5,19.81,51.69,48.38,614,3.75,1.71
발산역(마곡),2022,4,외식업,0.1992619926,2120119,105,19,2329,1427.0,743930,3324480.0,18.82,46.73,34.64,74.45,25.55,54.36,45.64,817,7.5,6.75
발산역(마곡),2022,4,유통업,0.2857142857,2120119,105,19,2329,1427.0,743930,3324480.0,19.5,44.21,36.64,75.14,24.86,42.14,58.0,712,3.92,2.41
방학동도깨비시장,2022,1,유통업,0.3333333333,2130148,10,3,1244,60.0,312950,1955499.0,4.15,20.0,76.0,71.77,28.46,45.08,55.0,108,0.96,1.92
방학동도깨비시장,2022,2,유통업,0.3,2130148,10,3,1244,60.0,322433,1955499.0,3.31,18.92,78.0,68.85,31.15,45.15,55.0,107,0.0,1.94
방학동도깨비시장,2022,3,유통업,0.4444444444,2130148,10,3,1244,60.0,304881,1955499.0,2.92,18.77,78.23,76.46,23.54,47.38,52.62,106,1.96,2.94
방학동도깨비시장,2022,4,유통업,0.5,2130148,10,3,1244,60.0,269748,1955499.0,3.23,20.0,77.31,73.46,26.77,45.77,54.31,108,1.92,0.0
배화여자대학교(박노수미술관),2022,1,외식업,0.1666666667,2110008,11,5,5211,552.0,1115849,3422580.0,32.14,44.14,23.71,61.86,38.43,42.43,57.57,97,1.09,1.09
배화여자대학교(박노수미술관),2022,2,외식업,0.1666666667,2110008,11,5,5211,552.0,1189273,3422580.0,29.29,46.71,24.43,61.57,38.57,40.14,60.0,100,4.21,1.05
배화여자대학교(박노수미술관),2022,3,외식업,0.1666666667,2110008,11,5,5211,552.0,1138689,3422580.0,27.43,46.86,25.43,64.71,35.29,42.14,57.86,101,4.17,3.12
배화여자대학교(박노수미술관),2022,4,외식업,0.0952380952,2110008,11,5,5211,552.0,1174445,3422580.0,29.57,45.71,24.86,63.29,36.86,41.57,58.43,101,3.12,3.12
뱅뱅사거리,2022,1,서비스업,0.0769230769,2120192,87,17,6735,27462.0,1645142,4217405.0,17.11,51.84,31.11,86.47,13.58,46.32,53.79,785,1.68,1.42
뱅뱅사거리,2022,1,외식업,0.15,2120192,87,17,6735,27462.0,1645142,4217405.0,18.5,52.9,28.9,86.6,13.5,60.4,39.7,420,2.51,1.67
뱅뱅사거리,2022,1,유통업,0.0833333333,2120192,87,17,6735,27462.0,1645142,4217405.0,7.56,58.62,33.94,75.56,24.56,53.19,46.81,716,1.31,1.16
뱅뱅사거리,2022,2,서비스업,0.1428571429,2120192,87,17,6735,27462.0,1703393,4217405.0,11.83,53.39,34.83,82.22,17.89,47.22,52.94,791,1.67,0.64
뱅뱅사거리,2022,2,외식업,0.0476190476,2120192,87,17,6735,27462.0,1703393,4217405.0,17.0,55.5,27.8,87.2,13.0,60.2,39.8,425,4.1,1.91
뱅뱅사거리,2022,2,유통업,0.2666666667,2120192,87,17,6735,27462.0,1703393,4217405.0,10.38,53.5,36.44,81.44,18.62,59.56,40.62,722,1.87,0.43
뱅뱅사거리,2022,3,서비스업,0.2307692308,2120192,87,17,6735,27462.0,1662291,4217405.0,11.82,55.88,32.53,86.35,13.76,48.06,52.0,791,2.05,2.05
뱅뱅사거리,2022,3,외식업,0.2857142857,2120192,87,17,6735,27462.0,1662291,4217405.0,17.6,54.3,28.3,87.8,12.2,59.5,40.5,420,2.77,4.16
뱅뱅사거리,2022,3,유통업,0.3888888889,2120192,87,17,6735,27462.0,1662291,4217405.0,8.38,58.06,33.69,86.12,13.88,57.94,42.06,731,2.84,1.42
뱅뱅사거리,2022,4,서비스업,0.0666666667,2120192,87,17,6735,27462.0,1697408,4217405.0,15.76,54.76,29.59,85.41,14.71,43.82,56.35,786,1.94,2.58
뱅뱅사거리,2022,4,외식업,0.1428571429,2120192,87,17,6735,27462.0,1697408,4217405.0,18.4,54.1,27.8,86.7,13.3,60.4,39.6,419,3.34,3.34
뱅뱅사거리,2022,4,유통업,0.3684210526,2120192,87,17,6735,27462.0,1697408,4217405.0,9.12,49.25,41.56,87.88,12.19,60.75,39.31,737,1.84,0.99
사당역(사당),2022,1,외식업,0.1612903226,2120160,83,12,3974,9153.0,1918922,3342209.0,29.18,38.27,32.82,68.64,31.45,55.36,44.82,484,1.79,1.79
사당역(사당),2022,2,외식업,0.1147540984,2120160,83,12,3974,9153.0,2108699,3342209.0,24.82,44.73,30.64,72.82,27.36,59.18,40.82,489,5.06,4.05
사당역(사당),2022,3,외식업,0.1363636364,2120160,83,12,3974,9153.0,2058433,3342209.0,29.09,43.0,28.09,70.82,29.36,59.45,40.73,482,3.08,4.88
사당역(사당),2022,4,외식업,0.1,2120160,83,12,3974,9153.0,2155511,3342209.0,28.91,43.0,28.82,71.82,28.36,59.0,41.09,488,4.83,3.31
삼전역 1번,2022,1,유통업,0.2307692308,2111004,36,5,9985,2036.0,2266474,2950854.0,9.5,41.57,49.36,74.79,25.21,54.5,45.64,180,4.32,1.23
삼전역 1번,2022,2,유통업,0.3888888889,2111004,36,5,9985,2036.0,2243015,2950854.0,9.5,44.29,46.29,73.86,26.21,55.07,45.07,186,4.19,0.6
삼전역 1번,2022,3,유통업,0.380952381,2111004,36,5,9985,2036.0,2189064,2950854.0,16.07,39.21,44.86,77.5,22.71,54.79,45.36,180,0.61,4.27
삼전역 1번,2022,4,유통업,0.4761904762,2111004,36,5,9985,2036.0,2140437,2950854.0,13.0,41.77,45.54,70.92,29.08,57.92,42.15,175,0.0,3.12
상수역(홍대),2022,1,서비스업,0.2424242424,2120105,28,11,1351,524.0,671998,2806606.0,25.87,44.53,29.87,77.07,23.13,51.13,48.93,139,2.9,2.17
상수역(홍대),2022,1,외식업,0.0975609756,2120105,28,11,1351,524.0,671998,2806606.0,50.5,37.1,12.9,64.0,36.0,43.9,56.1,267,5.31,2.86
상수역(홍대),2022,2,서비스업,0.3939393939,2120105,28,11,1351,524.0,768973,2806606.0,29.27,46.4,24.53,73.33,26.73,55.13,44.93,140,2.88,2.16
상수역(홍대),2022,2,외식업,0.1176470588,2120105,28,11,1351,524.0,768973,2806606.0,51.0,37.4,12.2,63.2,36.8,42.0,58.2,279,8.17,3.5
상수역(홍대),2022,3,서비스업,0.3939393939,2120105,28,11,1351,524.0,721168,2806606.0,25.79,51.43,22.86,72.43,27.57,47.29,52.79,151,7.33,0.67
상수역(홍대),2022,3,외식업,0.2666666667,2120105,28,11,1351,524.0,721168,2806606.0,51.6,36.5,12.3,63.3,36.9,41.4,58.8,281,5.02,4.63
상수역(홍대),2022,4,서비스업,0.3,2120105,28,11,1351,524.0,794037,2806606.0,29.86,47.43,23.07,74.43,25.71,48.79,51.29,148,2.72,4.08
상수역(홍대),2022,4,외식업,0.2222222222,2120105,28,11,1351,524.0,794037,2806606.0,51.4,36.1,12.2,61.1,39.0,42.8,57.5,278,4.28,5.84
상암동상점가,2022,1,외식업,0.1388888889,2130183,11,2,2863,816.0,614406,2812669.0,18.8,57.1,24.4,84.6,15.4,61.3,38.8,323,4.17,2.08
상암동상점가,2022,2,외식업,0.0526315789,2130183,11,2,2863,816.0,682026,2812669.0,18.3,59.1,22.8,83.7,16.4,60.8,39.4,329,4.05,1.69
상암동상점가,2022,3,외식업,0.2307692308,2130183,11,2,2863,816.0,698340,2812669.0,19.5,57.6,23.1,85.1,14.9,59.6,40.5,327,3.4,4.08
상암동상점가,2022,4,외식업,0.1333333333,2130183,11,2,2863,816.0,755406,2812669.0,20.7,56.6,22.8,82.4,17.6,59.5,40.6,333,5.02,3.01
샤로수길,2022,1,외식업,0.0769230769,2110895,23,4,8549,1796.0,3482688,3081700.0,44.91,37.91,17.18,66.18,33.82,52.55,47.64,296,1.5,2.62
샤로수길,2022,2,외식업,0.0769230769,2110895,23,4,8549,1796.0,3409469,3081700.0,41.73,41.0,17.91,68.36,31.64,53.0,47.18,302,5.47,2.92
샤로수길,2022,3,외식업,0.1016949153,2110895,23,4,8549,1796.0,3207452,3081700.0,44.55,38.0,18.09,69.27,31.0,53.0,47.0,293,2.63,6.02
샤로수길,2022,4,외식업,0.1186440678,2110895,23,4,8549,1796.0,3267460,3081700.0,45.91,34.55,19.82,66.91,33.09,52.91,47.18,291,3.4,4.15
서교동(홍대),2022,1,서비스업,0.2222222222,2120102,50,17,3165,7276.0,2365973,2987277.0,15.86,41.43,43.0,79.43,20.71,47.29,52.71,304,1.68,1.35
서교동(홍대),2022,1,외식업,0.2,2120102,50,17,3165,7276.0,2365973,2987277.0,27.44,47.0,25.56,73.33,26.67,58.22,41.89,234,5.66,2.36
서교동(홍대),2022,2,서비스업,0.2857142857,2120102,50,17,3165,7276.0,2610089,2987277.0,16.5,47.57,36.43,81.0,19.07,54.29,45.79,304,1.01,1.35
서교동(홍대),2022,2,외식업,0.1666666667,2120102,50,17,3165,7276.0,2610089,2987277.0,26.33,48.44,25.44,75.33,24.78,56.67,43.33,235,5.12,4.19
서교동(홍대),2022,3,서비스업,0.4210526316,2120102,50,17,3165,7276.0,2539523,2987277.0,12.47,35.67,51.93,76.2,23.8,54.53,45.53,303,2.36,2.7
서교동(홍대),2022,3,외식업,0.1111111111,2120102,50,17,3165,7276.0,2539523,2987277.0,23.3,54.0,23.2,74.0,26.1,58.6,41.5,233,2.35,3.29
서교동(홍대),2022,4,서비스업,0.0555555556,2120102,50,17,3165,7276.0,2488686,2987277.0,14.87,47.27,38.13,80.67,19.4,50.87,49.2,303,1.69,1.69
서교동(홍대),2022,4,외식업,0.1111111111,2120102,50,17,3165,7276.0,2488686,2987277.0,24.9,53.8,21.6,78.6,21.5,60.4,39.6,239,3.21,0.92
서울대입구역,2022,1,서비스업,0.0833333333,2120159,107,10,8499,1430.0,2427408,3005655.0,25.44,42.72,32.0,71.5,28.5,57.11,42.89,459,2.28,2.28
서울대입구역,2022,1,외식업,0.027027027,2120159,107,10,8499,1430.0,2427408,3005655.0,38.5,40.1,21.8,68.5,31.7,55.5,44.6,412,3.3,1.2
서울대입구역,2022,2,서비스업,0.25,2120159,107,10,8499,1430.0,2593103,3005655.0,25.28,40.67,34.33,71.78,28.33,56.22,43.89,460,2.27,1.36
서울대입구역,2022,2,외식업,0.0476190476,2120159,107,10,8499,1430.0,2593103,3005655.0,37.1,41.6,21.5,68.6,31.6,55.8,44.5,414,4.76,3.87
서울대입구역,2022,3,서비스업,0.3333333333,2120159,107,10,8499,1430.0,2595876,3005655.0,24.22,47.33,28.83,78.44,21.56,49.89,50.33,470,4.44,1.78
서울대입구역,2022,3,외식업,0.0444444444,2120159,107,10,8499,1430.0,2595876,3005655.0,37.6,41.3,21.7,70.6,29.7,55.2,44.8,407,2.71,4.82
서울대입구역,2022,4,서비스업,0.2083333333,2120159,107,10,8499,1430.0,2760680,3005655.0,25.39,46.61,28.22,70.89,29.17,50.17,49.89,481,3.47,1.08
서울대입구역,2022,4,외식업,0.0,2120159,107,10,8499,1430.0,2760680,3005655.0,37.8,40.7,21.7,67.9,32.1,55.8,44.2,405,3.65,4.26
서울역 12번,2022,1,외식업,0.1333333333,2110074,32,2,3182,8149.0,676277,2767773.0,20.22,55.44,24.22,89.78,10.22,66.0,34.0,125,4.81,0.96
서울역 12번,2022,2,외식업,0.2352941176,2110074,32,2,3182,8149.0,716367,2767773.0,18.78,58.0,23.56,88.89,11.22,65.0,35.0,124,2.91,3.88
서울역 12번,2022,3,외식업,0.2666666667,2110074,32,2,3182,8149.0,664192,2767773.0,20.89,56.22,22.89,89.89,10.22,63.22,36.89,126,3.92,1.96
서울역 12번,2022,4,외식업,0.0,2110074,32,2,3182,8149.0,658616,2767773.0,21.33,55.11,23.78,88.33,11.78,64.56,35.67,124,1.98,3.96
서원동상점가,2022,1,외식업,0.1875,2130285,31,11,865,615.0,899125,2692846.0,44.1,40.3,15.8,63.7,36.4,58.1,41.9,288,2.7,3.15
서원동상점가,2022,2,외식업,0.1764705882,2130285,31,11,865,615.0,950734,2692846.0,42.7,43.3,14.3,63.0,37.2,58.6,41.6,293,4.42,1.77
서원동상점가,2022,3,외식업,0.0769230769,2130285,31,11,865,615.0,910804,2692846.0,41.5,43.4,15.5,63.9,36.2,58.9,41.1,284,2.75,6.88
서원동상점가,2022,4,외식업,0.1666666667,2130285,31,11,865,615.0,942447,2692846.0,43.7,42.4,14.5,60.5,39.5,58.6,41.4,289,5.8,3.57
서촌(경복궁역),2022,1,외식업,0.0666666667,2120002,44,12,1702,2008.0,838537,3561029.0,25.11,45.33,30.0,65.44,34.67,51.44,48.67,275,5.0,2.69
서촌(경복궁역),2022,2,외식업,0.0638297872,2120002,44,12,1702,2008.0,940791,3561029.0,21.78,45.67,33.11,64.78,35.33,52.89,47.11,269,1.18,3.94
서촌(경복궁역),2022,3,외식업,0.1020408163,2120002,44,12,1702,2008.0,846173,3561029.0,22.33,45.11,32.89,66.67,33.44,51.89,48.22,277,4.6,1.53
서촌(경복궁역),2022,4,외식업,0.14,2120002,44,12,1702,2008.0,892730,3561029.0,24.44,42.56,33.56,64.22,36.0,49.89,50.33,279,3.03,1.89
석촌역(석촌호수),2022,1,서비스업,0.2083333333,2120228,81,12,4191,4494.0,1715045,3187102.0,16.94,44.25,39.12,78.5,21.56,49.19,50.81,358,1.71,1.99
석촌역(석촌호수),2022,2,서비스업,0.3043478261,2120228,81,12,4191,4494.0,1730386,3187102.0,18.81,51.19,30.5,79.25,20.81,47.38,52.81,358,1.14,0.85
석촌역(석촌호수),2022,3,서비스업,0.347826087,2120228,81,12,4191,4494.0,1571858,3187102.0,17.69,48.06,34.44,80.12,20.06,49.69,50.31,361,3.67,1.98
석촌역(석촌호수),2022,4,서비스업,0.3043478261,2120228,81,12,4191,4494.0,1652411,3187102.0,18.25,47.0,34.94,79.94,20.19,51.12,49.06,363,1.12,0.56
선릉역,2022,1,서비스업,0.2391304348,2120210,150,11,4780,48780.0,4654833,3481614.0,17.35,48.65,34.06,75.65,24.41,56.35,43.76,1187,1.54,1.37
선릉역,2022,1,외식업,0.1917808219,2120210,150,11,4780,48780.0,4654833,3481614.0,20.73,55.55,23.91,86.27,13.82,60.36,39.73,656,2.69,3.07
선릉역,2022,2,서비스업,0.3617021277,2120210,150,11,4780,48780.0,4982187,3481614.0,19.0,48.0,33.35,75.59,24.53,54.18,46.06,1176,2.16,2.24
선릉역,2022,2,외식업,0.1481481481,2120210,150,11,4780,48780.0,4982187,3481614.0,20.18,57.27,23.0,85.64,14.55,60.36,39.82,657,4.0,2.67
선릉역,2022,3,서비스업,0.320754717,2120210,150,11,4780,48780.0,4970170,3481614.0,18.06,49.82,32.47,79.94,20.18,55.06,44.94,1168,1.39,2.08
선릉역,2022,3,외식업,0.0967741935,2120210,150,11,4780,48780.0,4970170,3481614.0,21.73,55.82,22.73,86.09,14.0,59.64,40.45,660,3.95,3.57
선릉역,2022,4,서비스업,0.275862069,2120210,150,11,4780,48780.0,5003720,3481614.0,16.18,53.65,30.59,76.47,23.53,57.12,42.94,1168,1.73,1.3
선릉역,2022,4,외식업,0.1078431373,2120210,150,11,4780,48780.0,5003720,3481614.0,21.82,54.82,23.82,84.91,15.27,58.91,41.45,662,4.32,3.57
선유도역 골목형상점가,2022,1,외식업,0.2380952381,2130241,14,1,1456,500.0,314256,3524673.0,19.29,54.14,26.57,85.57,14.57,61.86,38.43,127,4.55,5.45
선유도역 골목형상점가,2022,2,외식업,0.0,2130241,14,1,1456,500.0,319000,3524673.0,20.0,54.57,25.86,84.0,16.0,62.0,38.14,129,5.31,2.65
선유도역 골목형상점가,2022,3,외식업,0.0666666667,2130241,14,1,1456,500.0,301244,3524673.0,20.71,55.43,24.29,85.57,14.57,62.0,38.14,123,1.89,7.55
선유도역 골목형상점가,2022,4,외식업,0.1333333333,2130241,14,1,1456,500.0,309729,3524673.0,21.29,53.57,25.43,85.43,14.57,61.43,38.57,125,3.74,1.87
성수동카페거리,2022,1,유통업,0.2666666667,2110131,5,3,2617,4798.0,725666,2619989.0,24.64,48.0,27.18,87.55,12.55,49.91,50.27,208,1.97,0.0
성수동카페거리,2022,2,유통업,0.3529411765,2110131,5,3,2617,4798.0,722932,2619989.0,13.58,57.0,29.33,89.42,10.58,50.08,50.08,212,5.8,2.9
성수동카페거리,2022,3,유통업,0.1428571429,2110131,5,3,2617,4798.0,744627,2619989.0,13.85,47.15,39.08,82.46,17.54,54.46,45.62,213,1.91,1.44
성수동카페거리,2022,4,유통업,0.380952381,2110131,5,3,2617,4798.0,777187,2619989.0,17.67,50.5,32.08,88.0,12.0,52.75,47.42,221,4.63,1.39
성수역,2022,1,외식업,0.0740740741,2120052,60,10,1062,11387.0,1140662,2497599.0,26.91,51.64,21.55,80.27,19.73,58.73,41.36,295,2.14,2.14
성수역,2022,2,외식업,0.0416666667,2120052,60,10,1062,11387.0,1215898,2497599.0,27.09,51.18,21.36,80.0,20.0,58.64,41.64,303,7.76,2.86
성수역,2022,3,외식업,0.1739130435,2120052,60,10,1062,11387.0,1203107,2497599.0,28.55,50.0,21.91,81.55,18.55,58.64,41.64,308,8.16,6.53
성수역,2022,4,외식업,0.0454545455,2120052,60,10,1062,11387.0,1229634,2497599.0,28.0,46.82,25.55,80.09,19.91,56.82,43.18,299,4.92,8.61
성신여대,2022,1,서비스업,0.1904761905,2120072,94,11,3093,1048.0,2506973,2807496.0,26.5,44.89,28.67,72.94,27.22,46.33,53.72,393,2.14,1.07
성신여대,2022,1,외식업,0.1454545455,2120072,94,11,3093,1048.0,2506973,2807496.0,41.4,36.0,22.4,67.7,32.3,47.4,52.7,518,4.2,1.98
성신여대,2022,1,유통업,0.25,2120072,94,11,3093,1048.0,2506973,2807496.0,24.57,31.19,44.48,77.76,22.24,45.19,54.81,353,1.56,2.5
성신여대,2022,2,서비스업,0.1428571429,2120072,94,11,3093,1048.0,2734003,2807496.0,23.95,47.05,28.89,69.68,30.37,46.74,53.26,396,2.92,1.86
성신여대,2022,2,외식업,0.1916666667,2120072,94,11,3093,1048.0,2734003,2807496.0,42.18,37.55,20.36,69.73,30.36,46.18,53.91,520,5.62,4.89
성신여대,2022,2,유통업,0.3,2120072,94,11,3093,1048.0,2734003,2807496.0,24.9,38.67,36.81,72.62,27.38,42.62,57.52,350,2.84,2.21
성신여대,2022,3,서비스업,0.5,2120072,94,11,3093,1048.0,2194382,2807496.0,25.63,46.53,28.11,74.47,25.58,49.58,50.58,398,2.65,2.12
성신여대,2022,3,외식업,0.1732283465,2120072,94,11,3093,1048.0,2194382,2807496.0,39.73,39.36,21.55,67.91,32.18,47.73,52.36,522,4.4,3.91
성신여대,2022,3,유통업,0.2666666667,2120072,94,11,3093,1048.0,2194382,2807496.0,21.86,36.33,42.19,76.62,23.38,41.62,58.52,352,2.19,1.25
성신여대,2022,4,서비스업,0.4117647059,2120072,94,11,3093,1048.0,2254928,2807496.0,24.58,48.21,27.47,70.95,29.16,49.42,50.68,407,4.11,1.8
성신여대,2022,4,외식업,0.1594202899,2120072,94,11,3093,1048.0,2254928,2807496.0,42.91,36.36,20.82,65.55,34.82,46.36,53.82,521,5.11,5.35
성신여대,2022,4,유통업,0.2666666667,2120072,94,11,3093,1048.0,2254928,2807496.0,27.71,34.67,37.67,74.67,25.43,47.48,52.67,350,1.25,1.88
송파나루역 1번(송리단길),2022,1,외식업,0.0909090909,2111013,8,2,8690,2234.0,2318267,3194188.0,31.18,45.09,24.18,66.09,34.0,52.18,47.91,256,5.91,2.95
송파나루역 1번(송리단길),2022,2,외식업,0.0,2111013,8,2,8690,2234.0,2420410,3194188.0,29.64,47.27,23.18,63.0,37.0,50.91,49.27,262,4.9,1.63
송파나루역 1번(송리단길),2022,3,외식업,0.0,2111013,8,2,8690,2234.0,2484421,3194188.0,30.09,46.36,24.27,67.18,32.82,52.73,47.27,266,4.82,3.21
송파나루역 1번(송리단길),2022,4,외식업,0.0476190476,2111013,8,2,8690,2234.0,2368874,3194188.0,31.45,44.18,24.73,62.64,37.45,51.09,49.0,273,6.3,3.54
수서역,2022,1,외식업,0.0416666667,2120224,40,8,594,12418.0,206519,3868336.0,15.18,49.55,35.73,80.36,19.73,57.73,42.27,164,3.96,2.97
수서역,2022,2,외식업,0.0833333333,2120224,40,8,594,12418.0,222273,3868336.0,14.18,51.55,34.55,80.09,20.0,58.36,41.64,172,9.43,2.83
수서역,2022,3,외식업,0.0714285714,2120224,40,8,594,12418.0,193657,3868336.0,15.91,49.82,34.55,81.64,18.45,57.55,42.55,168,2.86,4.76
수서역,2022,4,외식업,0.0,2120224,40,8,594,12418.0,194441,3868336.0,15.0,50.55,34.73,80.91,19.18,58.82,41.36,171,4.76,2.86
수유역,2022,1,서비스업,0.1724137931,2120076,189,30,5568,1930.0,2968387,2454598.0,21.05,42.89,36.37,73.79,26.32,55.21,45.0,632,2.12,1.96
수유역,2022,1,외식업,0.1063829787,2120076,189,30,5568,1930.0,2968387,2454598.0,26.27,43.36,30.73,69.82,30.36,52.64,47.45,583,4.08,2.15
수유역,2022,1,유통업,0.2666666667,2120076,189,30,5568,1930.0,2968387,2454598.0,17.73,40.67,41.87,77.73,22.33,42.27,57.73,499,1.56,1.34
수유역,2022,2,서비스업,0.2666666667,2120076,189,30,5568,1930.0,3168964,2454598.0,21.84,42.26,36.21,77.58,22.53,54.84,45.37,647,4.94,1.59
수유역,2022,2,외식업,0.1086956522,2120076,189,30,5568,1930.0,3168964,2454598.0,26.45,44.27,29.73,68.45,31.55,52.18,47.91,590,4.66,2.75
수유역,2022,2,유통업,0.2666666667,2120076,189,30,5568,1930.0,3168964,2454598.0,16.69,38.31,45.08,79.15,20.92,37.85,62.23,500,2.23,1.56
수유역,2022,3,서비스업,0.4,2120076,189,30,5568,1930.0,3121983,2454598.0,23.39,39.28,37.44,76.44,23.61,51.22,48.78,639,2.1,3.39
수유역,2022,3,외식업,0.1595744681,2120076,189,30,5568,1930.0,3121983,2454598.0,24.82,48.27,26.82,69.91,30.27,51.82,48.27,591,4.45,4.24
수유역,2022,3,유통업,0.1764705882,2120076,189,30,5568,1930.0,3121983,2454598.0,15.36,41.86,42.86,81.57,18.64,44.79,55.36,509,3.27,1.09
수유역,2022,4,서비스업,0.2777777778,2120076,189,30,5568,1930.0,3117882,2454598.0,21.33,39.39,39.5,74.39,25.78,55.78,44.33,655,4.09,1.57
수유역,2022,4,외식업,0.1142857143,2120076,189,30,5568,1930.0,3117882,2454598.0,25.91,46.36,28.18,67.73,32.27,51.18,48.91,598,5.87,4.19
수유역,2022,4,유통업,0.1739130435,2120076,189,30,5568,1930.0,3117882,2454598.0,17.64,40.64,41.93,78.64,21.5,37.07,62.93,495,1.57,4.04
신논현역,2022,1,서비스업,0.2,2120187,154,13,5512,13076.0,2767171,3167104.0,22.7,58.5,18.85,83.35,16.65,49.9,50.25,831,2.21,1.84
신논현역,2022,1,외식업,0.188034188,2120187,154,13,5512,13076.0,2767171,3167104.0,27.18,49.27,24.0,74.64,25.55,57.91,42.09,686,2.93,3.44
신논현역,2022,2,서비스업,0.3026315789,2120187,154,13,5512,13076.0,3117290,3167104.0,24.63,56.21,19.42,81.37,18.68,54.26,45.74,829,3.32,2.58
신논현역,2022,2,외식업,0.1596638655,2120187,154,13,5512,13076.0,3117290,3167104.0,28.09,51.36,20.91,74.09,26.09,56.27,43.82,680,2.77,2.25
신논현역,2022,3,서비스업,0.3076923077,2120187,154,13,5512,13076.0,3104349,3167104.0,23.95,51.55,24.6,77.55,22.5,44.25,55.85,833,2.44,1.83
신논현역,2022,3,외식업,0.1206896552,2120187,154,13,5512,13076.0,3104349,3167104.0,30.45,49.55,20.45,74.27,25.82,56.0,44.09,672,4.37,5.59
신논현역,2022,4,서비스업,0.2894736842,2120187,154,13,5512,13076.0,3146024,3167104.0,20.05,57.53,22.32,78.16,21.84,49.05,51.16,830,1.96,1.84
신논현역,2022,4,외식업,0.1565217391,2120187,154,13,5512,13076.0,3146024,3167104.0,26.64,47.45,25.73,70.18,29.82,53.73,46.36,690,5.1,2.38
"신림역 5번(신림동주민센터, 신림동별빛거리)",2022,1,외식업,0.1904761905,2110869,13,0,11367,1026.0,3714572,2370583.0,33.57,50.0,16.29,65.14,34.86,63.57,36.71,132,2.78,2.78
"신림역 5번(신림동주민센터, 신림동별빛거리)",2022,2,외식업,0.15,2110869,13,0,11367,1026.0,3950733,2370583.0,37.29,48.14,14.71,63.86,36.29,64.0,36.0,134,1.82,0.91
"신림역 5번(신림동주민센터, 신림동별빛거리)",2022,3,외식업,0.3181818182,2110869,13,0,11367,1026.0,3925549,2370583.0,38.86,44.71,16.0,63.0,37.0,64.86,35.43,133,3.67,4.59
"신림역 5번(신림동주민센터, 신림동별빛거리)",2022,4,외식업,0.25,2110869,13,0,11367,1026.0,3595168,2370583.0,41.86,44.86,13.71,61.57,38.43,61.86,38.14,132,4.59,5.5
신림역(신림),2022,1,서비스업,0.1923076923,2120157,147,10,8255,593.0,3220459,2473297.0,28.56,44.38,27.5,77.06,23.06,54.0,46.12,453,2.05,0.45
신림역(신림),2022,1,외식업,0.0980392157,2120157,147,10,8255,593.0,3220459,2473297.0,37.1,44.6,18.7,65.1,35.1,56.4,43.8,410,3.51,1.6
신림역(신림),2022,2,서비스업,0.3333333333,2120157,147,10,8255,593.0,3338794,2473297.0,28.59,44.71,26.82,75.35,24.71,45.71,54.41,449,1.37,0.92
신림역(신림),2022,2,외식업,0.1020408163,2120157,147,10,8255,593.0,3338794,2473297.0,37.0,45.2,18.1,65.2,34.9,56.3,43.7,407,1.94,2.59
신림역(신림),2022,3,서비스업,0.25,2120157,147,10,8255,593.0,3272626,2473297.0,33.59,48.12,18.47,73.47,26.53,53.82,46.24,439,1.87,4.22
신림역(신림),2022,3,외식업,0.152173913,2120157,147,10,8255,593.0,3272626,2473297.0,36.2,46.3,18.0,65.7,34.4,55.7,44.4,402,3.59,5.56
신림역(신림),2022,4,서비스업,0.2083333333,2120157,147,10,8255,593.0,3185310,2473297.0,30.06,48.82,21.29,78.65,21.35,59.82,40.24,444,3.24,2.08
신림역(신림),2022,4,외식업,0.2444444444,2120157,147,10,8255,593.0,3185310,2473297.0,37.9,45.0,17.3,64.1,35.9,55.1,44.9,396,2.96,4.61
신사역,2022,1,서비스업,0.3333333333,2120178,167,9,3521,10933.0,2883635,3039614.0,19.26,45.89,35.0,78.89,21.26,52.79,47.26,700,1.01,0.72
신사역,2022,1,외식업,0.1333333333,2120178,167,9,3521,10933.0,2883635,3039614.0,28.64,50.09,21.36,79.27,20.82,47.91,52.09,512,3.52,2.42
신사역,2022,1,유통업,0.0526315789,2120178,167,9,3521,10933.0,2883635,3039614.0,12.06,49.06,39.33,82.78,17.28,57.28,42.94,582,1.82,0.73
신사역,2022,2,서비스업,0.4117647059,2120178,167,9,3521,10933.0,3194749,3039614.0,18.89,52.83,28.67,76.28,23.78,47.78,52.33,717,3.54,0.71
신사역,2022,2,외식업,0.064516129,2120178,167,9,3521,10933.0,3194749,3039614.0,29.27,47.27,23.73,72.45,27.64,51.55,48.55,513,3.29,2.63
신사역,2022,2,유통업,0.2857142857,2120178,167,9,3521,10933.0,3194749,3039614.0,11.56,55.39,33.33,82.44,17.72,54.5,45.78,582,2.54,1.09
신사역,2022,3,서비스업,0.3018867925,2120178,167,9,3521,10933.0,3125236,3039614.0,18.37,50.0,31.84,76.95,23.37,52.42,47.74,722,2.11,1.41
신사역,2022,3,외식업,0.1,2120178,167,9,3521,10933.0,3125236,3039614.0,36.91,43.64,19.73,79.91,20.09,49.55,50.45,513,4.18,4.18
신사역,2022,3,유통업,0.3333333333,2120178,167,9,3521,10933.0,3125236,3039614.0,14.22,47.56,38.5,83.5,16.56,51.39,48.72,583,2.35,2.17
신사역,2022,4,서비스업,0.2962962963,2120178,167,9,3521,10933.0,2981942,3039614.0,16.89,53.74,29.84,76.89,23.21,49.74,50.37,732,2.5,1.25
신사역,2022,4,외식업,0.0821917808,2120178,167,9,3521,10933.0,2981942,3039614.0,30.36,45.0,24.91,77.0,23.0,55.0,45.09,517,4.35,3.26
신사역,2022,4,유통업,0.3157894737,2120178,167,9,3521,10933.0,2981942,3039614.0,15.71,49.0,35.47,78.94,21.18,54.29,45.76,583,1.62,1.62
신용산역(용산역),2022,1,외식업,0.0465116279,2120041,90,19,7181,16270.0,1338658,4862638.0,27.45,52.0,20.55,73.73,26.27,54.09,46.09,518,5.01,1.67
신용산역(용산역),2022,2,외식업,0.1956521739,2120041,90,19,7181,16270.0,1376102,4862638.0,24.18,50.82,25.27,73.27,26.73,49.82,50.36,535,5.98,1.84
신용산역(용산역),2022,3,외식업,0.137254902,2120041,90,19,7181,16270.0,1521209,4862638.0,26.55,52.73,21.0,73.27,26.73,55.09,45.09,527,3.25,5.1
신용산역(용산역),2022,4,외식업,0.18,2120041,90,19,7181,16270.0,1550519,4862638.0,25.09,48.36,26.91,73.91,26.18,49.55,50.55,537,5.68,3.86
신정2동주민센터,2022,1,서비스업,0.0526315789,2110625,24,11,3327,726.0,717731,4726243.0,3.6,53.93,42.8,77.0,23.27,52.2,47.87,224,2.9,0.48
신정2동주민센터,2022,2,서비스업,0.2083333333,2110625,24,11,3327,726.0,802359,4726243.0,5.5,45.5,49.31,74.88,25.25,54.19,45.88,227,3.33,1.43
신정2동주민센터,2022,3,서비스업,0.3043478261,2110625,24,11,3327,726.0,1117158,4726243.0,9.0,51.38,40.06,75.56,24.56,53.5,46.56,227,1.9,1.9
신정2동주민센터,2022,4,서비스업,0.4285714286,2110625,24,11,3327,726.0,1114228,4726243.0,5.62,52.44,41.94,74.06,26.06,49.75,50.38,225,0.96,1.44
"신촌역(신촌역, 신촌로터리)",2022,1,서비스업,0.2,2120094,201,28,3801,5355.0,4663704,3071531.0,30.18,40.71,29.47,76.29,23.82,46.53,53.53,634,2.11,0.32
"신촌역(신촌역, 신촌로터리)",2022,1,외식업,0.1592920354,2120094,201,28,3801,5355.0,4663704,3071531.0,44.0,32.91,23.27,70.36,29.64,55.36,44.82,997,2.73,2.36
"신촌역(신촌역, 신촌로터리)",2022,2,서비스업,0.2765957447,2120094,201,28,3801,5355.0,5441526,3071531.0,31.71,41.35,27.06,72.18,27.88,48.06,52.24,639,3.06,1.77
"신촌역(신촌역, 신촌로터리)",2022,2,외식업,0.1946902655,2120094,201,28,3801,5355.0,5441526,3071531.0,43.73,38.73,18.18,69.82,30.18,54.36,45.64,1003,4.3,2.83
"신촌역(신촌역, 신촌로터리)",2022,3,서비스업,0.25,2120094,201,28,3801,5355.0,5506095,3071531.0,35.29,38.0,26.88,74.59,25.41,46.47,53.53,623,2.48,5.13
"신촌역(신촌역, 신촌로터리)",2022,3,외식업,0.224137931,2120094,201,28,3801,5355.0,5506095,3071531.0,44.73,32.91,22.82,71.82,28.27,50.36,49.64,1001,4.42,4.55
"신촌역(신촌역, 신촌로터리)",2022,4,서비스업,0.2692307692,2120094,201,28,3801,5355.0,5621692,3071531.0,29.59,44.53,26.12,77.71,22.35,50.18,49.88,632,4.08,2.77
"신촌역(신촌역, 신촌로터리)",2022,4,외식업,0.224,2120094,201,28,3801,5355.0,5621692,3071531.0,44.18,34.45,21.73,70.27,29.82,52.27,47.82,999,3.57,3.94
안암역 3번,2022,1,외식업,0.2380952381,2110313,23,6,1359,2079.0,962070,2968099.0,50.0,30.5,19.8,76.9,23.1,59.4,40.6,191,3.5,2.8
안암역 3번,2022,2,외식업,0.2631578947,2110313,23,6,1359,2079.0,1260673,2968099.0,51.7,29.7,18.9,77.5,22.9,57.8,42.3,194,4.08,1.36
안암역 3번,2022,3,외식업,0.3888888889,2110313,23,6,1359,2079.0,1114341,2968099.0,49.5,32.0,18.6,77.4,22.6,57.3,42.8,191,4.14,6.21
안암역 3번,2022,4,외식업,0.15,2110313,23,6,1359,2079.0,1388903,2968099.0,50.9,29.9,19.3,75.0,25.0,58.3,41.7,192,4.14,3.45
압구정로데오역(압구정로데오),2022,1,서비스업,0.1666666667,2120202,77,4,1843,11735.0,1952805,4378212.0,19.69,53.31,27.38,78.44,21.62,42.69,57.38,447,2.3,1.61
압구정로데오역(압구정로데오),2022,1,외식업,0.0818181818,2120202,77,4,1843,11735.0,1952805,4378212.0,35.0,48.6,17.0,70.0,30.1,47.0,53.1,473,2.53,2.07
압구정로데오역(압구정로데오),2022,2,서비스업,0.1842105263,2120202,77,4,1843,11735.0,2283012,4378212.0,18.81,50.06,31.31,79.94,20.19,44.88,55.31,448,1.15,0.92
압구정로데오역(압구정로데오),2022,2,외식업,0.0740740741,2120202,77,4,1843,11735.0,2283012,4378212.0,35.6,50.2,14.6,66.6,33.5,49.1,51.1,481,5.87,3.61
압구정로데오역(압구정로데오),2022,3,서비스업,0.1944444444,2120202,77,4,1843,11735.0,2263370,4378212.0,18.69,51.69,29.25,82.0,18.06,42.62,57.44,449,2.29,2.06
압구정로데오역(압구정로데오),2022,3,외식업,0.119266055,2120202,77,4,1843,11735.0,2263370,4378212.0,33.33,50.67,16.33,67.67,32.33,50.22,49.78,485,6.94,6.26
압구정로데오역(압구정로데오),2022,4,서비스업,0.2051282051,2120202,77,4,1843,11735.0,2211624,4378212.0,17.38,53.06,29.75,77.81,22.31,45.88,54.19,443,0.93,2.08
압구정로데오역(압구정로데오),2022,4,외식업,0.0948275862,2120202,77,4,1843,11735.0,2211624,4378212.0,33.89,50.33,16.0,64.22,35.78,50.0,50.22,487,5.78,5.11
압구정역,2022,1,서비스업,0.1282051282,2120188,213,7,1129,8579.0,1913075,3837465.0,12.82,55.18,32.06,76.53,23.53,50.76,49.35,818,2.65,0.76
압구정역,2022,2,서비스업,0.1842105263,2120188,213,7,1129,8579.0,2015293,3837465.0,14.06,52.12,34.0,79.56,20.62,44.94,55.31,813,2.53,2.65
압구정역,2022,3,서비스업,0.1282051282,2120188,213,7,1129,8579.0,1928782,3837465.0,12.88,44.12,43.0,78.94,21.12,41.53,58.59,808,1.78,2.42
압구정역,2022,4,서비스업,0.3076923077,2120188,213,7,1129,8579.0,1934870,3837465.0,12.56,52.06,35.69,77.69,22.44,45.38,54.62,806,1.66,2.17
양재역,2022,1,서비스업,0.1379310345,2120179,122,17,4990,21445.0,2267172,4712713.0,9.62,51.31,39.44,79.94,20.31,55.69,44.5,630,1.62,1.46
양재역,2022,1,외식업,0.0689655172,2120179,122,17,4990,21445.0,2267172,4712713.0,18.27,48.64,33.09,82.27,17.73,56.73,43.55,422,2.19,0.62
양재역,2022,2,서비스업,0.3333333333,2120179,122,17,4990,21445.0,2390019,4712713.0,8.56,52.62,39.06,80.62,19.44,53.19,46.88,625,0.65,0.65
양재역,2022,2,외식업,0.1,2120179,122,17,4990,21445.0,2390019,4712713.0,17.18,50.82,32.09,83.0,17.09,56.27,43.73,423,4.05,3.43
양재역,2022,3,서비스업,0.3666666667,2120179,122,17,4990,21445.0,2293055,4712713.0,9.31,49.69,41.0,82.19,17.88,54.5,45.56,627,1.47,1.3
양재역,2022,3,외식업,0.2258064516,2120179,122,17,4990,21445.0,2293055,4712713.0,17.91,50.09,32.0,83.82,16.27,56.36,43.91,423,4.66,4.66
양재역,2022,4,서비스업,0.3666666667,2120179,122,17,4990,21445.0,2244561,4712713.0,10.44,51.19,38.56,81.31,18.75,53.12,46.94,623,1.31,1.8
양재역,2022,4,외식업,0.1034482759,2120179,122,17,4990,21445.0,2244561,4712713.0,17.82,49.91,32.73,82.91,17.18,56.36,43.82,425,3.09,2.47
양천향교역 7번,2022,1,외식업,0.0666666667,2110648,21,8,3992,13.0,81230,3402010.0,23.83,58.67,17.83,75.83,24.17,56.67,43.5,120,10.64,1.06
양천향교역 7번,2022,2,외식업,0.4615384615,2110648,21,8,3992,13.0,85270,3402010.0,25.0,56.67,18.0,75.17,24.83,54.83,45.33,125,11.11,6.06
양천향교역 7번,2022,3,외식업,0.3125,2110648,21,8,3992,13.0,81544,3402010.0,25.67,56.5,18.0,78.83,21.17,54.5,45.5,124,10.1,11.11
양천향교역 7번,2022,4,외식업,0.2631578947,2110648,21,8,3992,13.0,85452,3402010.0,27.67,54.33,17.83,77.33,22.83,55.0,45.0,131,10.58,3.85
어린이대공원역,2022,1,외식업,0.2666666667,2120054,38,7,3857,1243.0,1418452,3060187.0,40.7,37.0,22.6,75.0,25.2,57.1,42.9,287,11.69,4.76
어린이대공원역,2022,2,외식업,0.15,2120054,38,7,3857,1243.0,1490922,3060187.0,41.5,36.1,23.0,72.3,27.7,55.7,44.6,285,5.19,5.19
어린이대공원역,2022,3,외식업,0.2380952381,2120054,38,7,3857,1243.0,1402274,3060187.0,41.7,37.0,21.6,73.1,26.9,56.1,44.0,284,5.56,5.56
어린이대공원역,2022,4,외식업,0.0588235294,2120054,38,7,3857,1243.0,1447467,3060187.0,43.1,33.8,23.1,71.9,28.1,57.6,42.6,287,7.08,5.83
언주역(차병원),2022,1,외식업,0.1666666667,2120194,67,8,2599,12628.0,1673923,3258234.0,21.0,53.44,25.67,89.33,10.78,58.78,41.33,242,3.32,2.84
언주역(차병원),2022,2,외식업,0.2777777778,2120194,67,8,2599,12628.0,1722701,3258234.0,22.44,57.78,19.78,88.11,12.0,58.44,41.56,266,13.68,3.42
언주역(차병원),2022,3,외식업,0.1666666667,2120194,67,8,2599,12628.0,1687042,3258234.0,22.67,55.78,21.44,87.67,12.33,58.78,41.67,265,6.38,6.81
언주역(차병원),2022,4,외식업,0.2777777778,2120194,67,8,2599,12628.0,1738459,3258234.0,20.67,59.33,20.11,87.67,12.44,59.22,40.78,262,4.72,6.01
여의도역(여의도),2022,1,서비스업,0.0740740741,2120149,161,18,2805,69255.0,1488872,5980022.0,11.56,55.39,33.22,82.89,17.28,58.22,41.83,718,2.16,2.31
여의도역(여의도),2022,1,외식업,0.0824742268,2120149,161,18,2805,69255.0,1488872,5980022.0,20.55,55.91,23.55,85.27,14.73,60.73,39.36,1035,3.44,1.54
여의도역(여의도),2022,1,유통업,0.3333333333,2120149,161,18,2805,69255.0,1488872,5980022.0,14.67,52.33,33.11,84.94,15.11,55.0,45.17,759,1.54,0.98
여의도역(여의도),2022,2,서비스업,0.1142857143,2120149,161,18,2805,69255.0,1688780,5980022.0,10.89,61.42,27.95,85.79,14.21,53.63,46.37,727,2.13,0.71
여의도역(여의도),2022,2,외식업,0.08,2120149,161,18,2805,69255.0,1688780,5980022.0,21.18,56.73,22.45,85.45,14.73,59.18,40.91,1039,3.18,1.89
여의도역(여의도),2022,2,유통업,0.375,2120149,161,18,2805,69255.0,1688780,5980022.0,13.72,52.89,33.67,85.5,14.67,54.33,45.89,761,2.23,0.98
여의도역(여의도),2022,3,서비스업,0.1666666667,2120149,161,18,2805,69255.0,1665315,5980022.0,11.61,56.06,32.78,85.39,14.78,54.89,45.28,724,2.14,2.43
여의도역(여의도),2022,3,외식업,0.1071428571,2120149,161,18,2805,69255.0,1665315,5980022.0,20.45,56.27,23.45,87.09,12.91,58.73,41.36,1036,4.59,4.82
여의도역(여의도),2022,3,유통업,0.375,2120149,161,18,2805,69255.0,1665315,5980022.0,19.39,50.67,29.94,87.22,12.89,61.94,38.17,761,1.26,1.12
여의도역(여의도),2022,4,서비스업,0.1707317073,2120149,161,18,2805,69255.0,1696105,5980022.0,10.53,59.0,30.47,85.11,15.0,57.37,42.68,726,1.28,1.0
여의도역(여의도),2022,4,외식업,0.0737704918,2120149,161,18,2805,69255.0,1696105,5980022.0,20.82,55.91,23.55,85.82,14.27,59.45,40.73,1043,4.31,3.61
여의도역(여의도),2022,4,유통업,0.25,2120149,161,18,2805,69255.0,1696105,5980022.0,12.89,52.0,35.37,83.84,16.37,51.63,48.53,756,1.55,1.55
역삼역,2022,1,서비스업,0.125,2120197,172,8,6012,58694.0,3369883,3471236.0,18.15,53.3,29.1,83.9,16.15,58.95,41.1,1415,1.0,1.43
역삼역,2022,1,외식업,0.1048387097,2120197,172,8,6012,58694.0,3369883,3471236.0,21.09,58.36,20.82,89.64,10.55,59.0,41.18,932,5.47,3.78
역삼역,2022,2,서비스업,0.1212121212,2120197,172,8,6012,58694.0,3744159,3471236.0,15.63,53.84,30.47,85.16,14.89,52.74,47.26,1408,1.22,1.58
역삼역,2022,2,외식업,0.0819672131,2120197,172,8,6012,58694.0,3744159,3471236.0,21.09,60.18,18.45,89.73,10.36,58.18,41.82,939,4.68,3.51
역삼역,2022,3,서비스업,0.2424242424,2120197,172,8,6012,58694.0,3655313,3471236.0,19.6,50.75,29.7,86.05,14.0,53.3,46.75,1411,2.08,1.65
역삼역,2022,3,외식업,0.1344537815,2120197,172,8,6012,58694.0,3655313,3471236.0,23.09,59.55,17.55,90.55,9.45,57.36,42.64,941,5.28,4.89
역삼역,2022,4,서비스업,0.3870967742,2120197,172,8,6012,58694.0,3703285,3471236.0,18.25,53.75,28.05,82.05,18.05,55.75,44.4,1408,1.87,1.8
역삼역,2022,4,외식업,0.1031746032,2120197,172,8,6012,58694.0,3703285,3471236.0,24.55,58.09,17.64,90.0,10.09,58.09,41.91,955,5.66,3.65
연남동(홍대),2022,1,서비스업,0.2051282051,2120104,66,20,7337,5955.0,3961968,2969151.0,20.35,49.75,30.35,77.25,22.85,42.2,57.9,592,2.05,2.05
연남동(홍대),2022,1,외식업,0.1368821293,2120104,66,20,7337,5955.0,3961968,2969151.0,38.82,44.73,16.55,66.91,33.27,49.09,51.0,886,3.89,3.41
연남동(홍대),2022,1,유통업,0.2127659574,2120104,66,20,7337,5955.0,3961968,2969151.0,19.95,51.57,28.48,72.95,27.19,47.19,52.95,599,2.98,1.93
연남동(홍대),2022,2,서비스업,0.35,2120104,66,20,7337,5955.0,4160138,2969151.0,19.79,52.89,27.47,74.47,25.53,44.26,55.74,604,3.01,0.84
연남동(홍대),2022,2,외식업,0.1804511278,2120104,66,20,7337,5955.0,4160138,2969151.0,36.64,47.55,16.18,66.91,33.09,50.36,49.64,909,8.04,4.85
연남동(홍대),2022,2,유통업,0.375,2120104,66,20,7337,5955.0,4160138,2969151.0,21.52,40.86,37.62,75.29,24.81,57.95,42.14,599,1.92,1.22
연남동(홍대),2022,3,서비스업,0.2142857143,2120104,66,20,7337,5955.0,4097114,2969151.0,19.7,45.35,35.3,82.7,17.4,46.05,54.05,611,3.31,1.82
연남동(홍대),2022,3,외식업,0.1644295302,2120104,66,20,7337,5955.0,4097114,2969151.0,38.36,45.36,16.27,67.55,32.73,48.36,51.64,918,6.51,5.35
연남동(홍대),2022,3,유통업,0.4680851064,2120104,66,20,7337,5955.0,4097114,2969151.0,25.43,41.62,33.1,74.67,25.38,50.57,49.57,619,4.89,1.85
연남동(홍대),2022,4,서비스업,0.2380952381,2120104,66,20,7337,5955.0,4119433,2969151.0,23.5,43.67,33.06,73.5,26.5,48.44,51.67,611,2.48,2.31
연남동(홍대),2022,4,외식업,0.1682539683,2120104,66,20,7337,5955.0,4119433,2969151.0,39.82,43.0,16.91,64.82,35.45,47.82,52.55,920,5.09,4.97
연남동(홍대),2022,4,유통업,0.3191489362,2120104,66,20,7337,5955.0,4119433,2969151.0,22.14,46.33,31.67,74.86,25.24,55.95,44.14,620,2.69,2.02
연신내상점가(연빛거리),2022,1,외식업,0.1395348837,2130167,40,8,1497,636.0,1549507,2438217.0,37.0,35.09,28.18,67.18,32.91,52.64,47.36,350,3.3,1.83
연신내상점가(연빛거리),2022,2,외식업,0.0941176471,2130167,40,8,1497,636.0,1709724,2438217.0,37.0,38.73,24.73,66.0,34.09,54.09,46.0,352,6.45,5.02
연신내상점가(연빛거리),2022,3,외식업,0.0697674419,2130167,40,8,1497,636.0,1652112,2438217.0,36.09,39.36,24.73,67.36,32.82,52.55,47.55,340,4.49,8.99
연신내상점가(연빛거리),2022,4,외식업,0.0833333333,2130167,40,8,1497,636.0,1643642,2438217.0,37.45,38.18,24.64,64.82,35.18,51.0,49.0,342,6.67,5.93
연신내역,2022,1,서비스업,0.1904761905,2120090,98,18,2655,687.0,1873523,2600963.0,15.25,42.75,42.25,72.62,27.44,49.94,50.25,232,2.71,2.26
연신내역,2022,2,서비스업,0.1,2120090,98,18,2655,687.0,1936242,2600963.0,17.0,37.69,45.44,73.56,26.5,54.88,45.12,228,0.46,1.83
연신내역,2022,3,서비스업,0.2857142857,2120090,98,18,2655,687.0,1837316,2600963.0,17.44,42.06,40.56,76.06,24.0,52.0,48.0,225,0.0,0.93
연신내역,2022,4,서비스업,0.2777777778,2120090,98,18,2655,687.0,1834979,2600963.0,16.12,41.06,43.0,69.75,30.25,46.69,53.31,227,1.84,0.92
연트럴파크(연남동주민센터),2022,1,외식업,0.125,2110562,10,8,2902,426.0,935735,3100817.0,47.17,40.0,12.83,49.5,50.5,43.17,57.33,120,5.88,0.84
연트럴파크(연남동주민센터),2022,2,외식업,0.25,2110562,10,8,2902,426.0,1064427,3100817.0,29.29,63.57,7.43,61.14,39.0,41.14,59.0,117,2.59,4.31
연트럴파크(연남동주민센터),2022,3,외식업,0.1666666667,2110562,10,8,2902,426.0,935441,3100817.0,44.33,43.5,12.33,63.67,36.33,50.67,49.33,119,5.08,3.39
연트럴파크(연남동주민센터),2022,4,외식업,0.2962962963,2110562,10,8,2902,426.0,907493,3100817.0,43.33,48.0,8.67,51.67,48.33,47.5,52.67,130,9.3,0.78
연희동,2022,1,외식업,0.125,2120093,37,11,1107,661.0,429297,3763854.0,26.45,45.45,28.09,64.82,35.27,53.0,47.09,209,3.78,2.16
연희동,2022,2,외식업,0.2222222222,2120093,37,11,1107,661.0,410062,3763854.0,25.18,47.18,27.82,65.45,34.55,50.36,49.64,212,3.72,1.6
연희동,2022,3,외식업,0.1904761905,2120093,37,11,1107,661.0,401967,3763854.0,27.55,45.36,27.55,68.18,32.0,49.45,50.82,216,5.21,3.12
연희동,2022,4,외식업,0.2380952381,2120093,37,11,1107,661.0,421843,3763854.0,27.36,45.45,27.45,63.91,36.18,49.91,50.27,220,3.57,1.53
영등포구청역,2022,1,외식업,0.0,2120136,51,7,3021,6617.0,1873538,2672081.0,17.73,47.27,35.18,80.64,19.36,56.0,44.18,352,5.61,1.75
영등포구청역,2022,2,외식업,0.2631578947,2120136,51,7,3021,6617.0,1802180,2672081.0,17.36,47.82,35.18,79.73,20.45,57.64,42.45,350,3.85,3.5
영등포구청역,2022,3,외식업,0.2380952381,2120136,51,7,3021,6617.0,1761892,2672081.0,17.91,48.64,33.91,81.64,18.36,55.82,44.18,353,4.84,3.81
영등포구청역,2022,4,외식업,0.1428571429,2120136,51,7,3021,6617.0,1726121,2672081.0,18.91,48.82,32.73,80.55,19.55,56.0,44.0,358,5.14,3.42
영등포역(영등포),2022,1,서비스업,0.2,2120145,200,18,4753,3856.0,2850301,2984414.0,27.56,37.12,35.69,71.0,29.19,45.5,54.75,505,2.03,2.24
영등포역(영등포),2022,1,외식업,0.0392156863,2120145,200,18,4753,3856.0,2850301,2984414.0,28.0,47.36,25.0,62.18,37.82,52.45,47.64,610,1.89,2.11
영등포역(영등포),2022,2,서비스업,0.1428571429,2120145,200,18,4753,3856.0,3166364,2984414.0,24.67,45.47,30.2,76.2,23.8,53.6,46.67,505,2.85,2.24
영등포역(영등포),2022,2,외식업,0.0,2120145,200,18,4753,3856.0,3166364,2984414.0,27.09,46.91,26.55,63.36,36.73,53.55,46.55,612,3.34,2.71
영등포역(영등포),2022,3,서비스업,0.2941176471,2120145,200,18,4753,3856.0,3130187,2984414.0,21.59,42.29,36.35,75.47,24.59,55.53,44.53,502,2.66,3.27
영등포역(영등포),2022,3,외식업,0.037037037,2120145,200,18,4753,3856.0,3130187,2984414.0,29.36,47.09,23.64,64.27,35.82,51.18,48.91,598,2.59,6.03
영등포역(영등포),2022,4,서비스업,0.2857142857,2120145,200,18,4753,3856.0,3203369,2984414.0,20.94,42.18,37.12,69.06,31.0,58.82,41.29,503,1.83,1.83
영등포역(영등포),2022,4,외식업,0.0701754386,2120145,200,18,4753,3856.0,3203369,2984414.0,29.0,47.45,23.45,61.64,38.45,51.55,48.45,599,3.62,3.4
왕십리역(왕십리),2022,1,외식업,0.1025641026,2120049,70,20,2136,1459.0,1291700,2704852.0,36.82,40.18,23.36,71.64,28.45,51.27,48.82,208,2.08,2.78
왕십리역(왕십리),2022,2,외식업,0.1219512195,2120049,70,20,2136,1459.0,1400311,2704852.0,35.64,41.27,23.55,71.55,28.64,50.0,50.09,211,6.08,2.7
왕십리역(왕십리),2022,3,외식업,0.1395348837,2120049,70,20,2136,1459.0,1396740,2704852.0,34.27,42.0,24.45,72.27,28.0,50.45,49.82,210,2.74,3.42
왕십리역(왕십리),2022,4,외식업,0.1276595745,2120049,70,20,2136,1459.0,1486379,2704852.0,37.1,40.3,22.4,68.3,31.7,51.2,48.8,211,8.05,7.38
용산전자상가(용산역),2022,1,유통업,0.2258064516,2120040,52,18,1472,8014.0,645434,3392718.0,6.0,48.75,45.62,79.19,21.06,70.81,29.19,3099,0.68,0.58
용산전자상가(용산역),2022,2,유통업,0.4,2120040,52,18,1472,8014.0,647295,3392718.0,7.0,59.06,34.18,72.59,27.59,74.06,26.06,3077,0.36,0.85
용산전자상가(용산역),2022,3,유통업,0.2285714286,2120040,52,18,1472,8014.0,607603,3392718.0,9.17,37.22,53.72,77.0,23.0,62.0,38.17,3031,0.43,1.89
용산전자상가(용산역),2022,4,유통업,0.3636363636,2120040,52,18,1472,8014.0,647992,3392718.0,5.56,42.56,52.28,81.28,18.72,65.33,34.67,3008,0.37,0.94
은행사거리,2022,1,서비스업,0.1481481481,2120085,50,6,191,317.0,561346,3285046.0,12.33,45.27,42.6,71.73,28.33,56.53,43.6,490,3.44,0.43
은행사거리,2022,2,서비스업,0.1481481481,2120085,50,6,191,317.0,566021,3285046.0,9.87,45.87,44.6,75.13,24.87,54.87,45.13,490,2.36,2.14
은행사거리,2022,3,서비스업,0.1111111111,2120085,50,6,191,317.0,558455,3285046.0,12.0,46.07,42.27,76.6,23.53,56.47,43.67,494,2.76,1.91
은행사거리,2022,4,서비스업,0.2592592593,2120085,50,6,191,317.0,554415,3285046.0,10.0,45.6,44.6,72.67,27.47,57.07,42.93,486,2.6,3.9
을지로3가역,2022,1,외식업,0.115942029,2120031,65,10,670,6147.0,1438129,3522189.0,24.1,51.6,24.3,83.2,16.8,56.5,43.5,441,3.0,1.75
을지로3가역,2022,2,외식업,0.15625,2120031,65,10,670,6147.0,1712372,3522189.0,23.5,53.4,23.1,83.9,16.3,57.8,42.2,433,2.03,3.54
을지로3가역,2022,3,외식업,0.0789473684,2120031,65,10,670,6147.0,1662498,3522189.0,24.9,53.3,22.1,85.2,14.9,56.3,43.7,424,2.57,4.88
을지로3가역,2022,4,외식업,0.0555555556,2120031,65,10,670,6147.0,1717856,3522189.0,25.9,52.0,22.3,82.2,17.8,55.7,44.4,425,2.58,2.32
인사동,2022,1,외식업,0.25,2120008,50,15,397,22070.0,283786,3362180.0,17.67,47.22,35.44,78.22,22.0,54.0,46.0,345,1.25,1.25
인사동,2022,2,외식업,0.2857142857,2120008,50,15,397,22070.0,344263,3362180.0,15.44,46.89,38.0,76.22,23.78,50.89,49.22,339,0.32,1.59
인사동,2022,3,외식업,0.1363636364,2120008,50,15,397,22070.0,345803,3362180.0,15.67,47.56,36.89,78.44,21.67,51.56,48.78,337,2.23,3.18
인사동,2022,4,외식업,0.3043478261,2120008,50,15,397,22070.0,360458,3362180.0,17.22,45.78,37.22,73.89,26.44,49.78,50.22,335,2.24,2.88
잠실새내역(신천),2022,1,서비스업,0.1756756757,2120225,175,7,3414,5750.0,2333368,3137714.0,15.06,58.12,26.88,77.12,23.06,46.82,53.24,873,2.41,1.68
잠실새내역(신천),2022,1,외식업,0.1666666667,2120225,175,7,3414,5750.0,2333368,3137714.0,20.82,50.55,28.91,70.64,29.55,53.27,47.09,578,3.56,3.78
잠실새내역(신천),2022,1,유통업,0.1666666667,2120225,175,7,3414,5750.0,2333368,3137714.0,8.14,48.77,43.36,78.82,21.27,44.18,56.05,521,3.72,2.89
잠실새내역(신천),2022,2,서비스업,0.2857142857,2120225,175,7,3414,5750.0,2448850,3137714.0,12.94,61.39,25.89,77.56,22.5,53.83,46.28,884,2.62,0.71
잠실새내역(신천),2022,2,외식업,0.1935483871,2120225,175,7,3414,5750.0,2448850,3137714.0,21.18,52.45,26.82,67.0,33.09,53.91,46.45,589,6.56,3.72
잠실새내역(신천),2022,2,유통업,0.1666666667,2120225,175,7,3414,5750.0,2448850,3137714.0,9.91,46.91,43.45,75.68,24.41,42.14,57.86,530,3.25,0.81
잠실새내역(신천),2022,3,서비스업,0.2073170732,2120225,175,7,3414,5750.0,2553935,3137714.0,14.5,64.06,21.83,78.5,21.56,52.06,48.17,885,3.33,3.21
잠실새내역(신천),2022,3,외식업,0.1643835616,2120225,175,7,3414,5750.0,2553935,3137714.0,21.18,53.0,26.27,69.82,30.18,53.64,46.36,589,5.21,5.21
잠실새내역(신천),2022,3,유통업,0.2692307692,2120225,175,7,3414,5750.0,2553935,3137714.0,9.78,47.17,43.48,79.52,20.61,43.09,56.96,524,2.06,3.29
잠실새내역(신천),2022,4,서비스업,0.2048192771,2120225,175,7,3414,5750.0,2723676,3137714.0,13.94,64.06,22.06,72.33,27.83,52.0,48.17,896,2.93,1.76
잠실새내역(신천),2022,4,외식업,0.1038961039,2120225,175,7,3414,5750.0,2723676,3137714.0,21.09,52.82,26.73,67.91,32.18,53.27,46.73,584,4.61,6.14
잠실새내역(신천),2022,4,유통업,0.2222222222,2120225,175,7,3414,5750.0,2723676,3137714.0,8.68,44.59,47.0,75.32,24.77,45.0,55.18,531,3.85,2.43
장안동사거리,2022,1,외식업,0.1111111111,2120067,92,17,6049,2587.0,1705750,2576528.0,16.09,51.36,33.0,69.09,31.0,55.45,44.55,297,4.07,2.26
장안동사거리,2022,2,외식업,0.1,2120067,92,17,6049,2587.0,1716900,2576528.0,14.82,53.73,31.55,67.55,32.55,54.91,45.09,293,2.75,3.67
장안동사거리,2022,3,외식업,0.1428571429,2120067,92,17,6049,2587.0,1706203,2576528.0,15.0,53.55,31.91,69.0,31.0,54.73,45.45,284,3.76,7.98
장안동사거리,2022,4,외식업,0.1052631579,2120067,92,17,6049,2587.0,1722634,2576528.0,14.64,53.82,31.45,67.09,33.09,54.82,45.27,281,5.66,7.08
장지역(가든파이브),2022,1,유통업,0.3333333333,2120236,39,10,167,4622.0,254149,3435366.0,13.29,46.08,40.75,75.0,25.0,54.54,45.5,930,0.88,1.32
장지역(가든파이브),2022,2,유통업,0.3461538462,2120236,39,10,167,4622.0,259729,3435366.0,9.92,48.92,41.32,72.84,27.28,56.04,44.04,925,1.22,1.22
장지역(가든파이브),2022,3,유통업,0.3703703704,2120236,39,10,167,4622.0,249087,3435366.0,8.23,46.46,45.62,71.23,28.81,52.81,47.19,914,0.89,1.79
장지역(가든파이브),2022,4,유통업,0.2222222222,2120236,39,10,167,4622.0,248895,3435366.0,7.48,46.64,46.28,68.76,31.36,53.28,46.8,917,1.56,1.34
장한평역(장한평),2022,1,외식업,0.1666666667,2120066,94,23,4543,7424.0,1480655,2591303.0,17.44,50.89,32.0,73.67,26.44,64.89,35.22,277,3.39,1.69
장한평역(장한평),2022,2,외식업,0.0,2120066,94,23,4543,7424.0,1523061,2591303.0,18.11,49.56,32.67,75.78,24.44,64.0,36.11,277,4.2,3.36
장한평역(장한평),2022,3,외식업,0.0555555556,2120066,94,23,4543,7424.0,1499152,2591303.0,18.44,49.44,32.44,77.22,22.78,61.67,38.33,272,3.4,5.11
장한평역(장한평),2022,4,외식업,0.0555555556,2120066,94,23,4543,7424.0,1507591,2591303.0,17.89,50.44,32.0,72.44,27.67,62.0,38.22,276,5.83,4.17
종각역,2022,1,외식업,0.0,2120006,118,14,431,33181.0,1190117,2943100.0,26.73,52.18,21.27,81.18,19.0,59.64,40.64,811,2.31,2.01
종각역,2022,2,외식업,0.0,2120006,118,14,431,33181.0,1407354,2943100.0,24.36,54.55,21.55,79.91,20.09,57.82,42.45,816,3.36,1.98
종각역,2022,3,외식업,0.1,2120006,118,14,431,33181.0,1382059,2943100.0,25.73,53.91,20.45,81.0,19.09,56.55,43.64,824,4.68,3.32
종각역,2022,4,외식업,0.0,2120006,118,14,431,33181.0,1415457,2943100.0,26.64,53.0,20.91,80.27,19.82,57.18,42.82,819,3.93,4.23
종로3가역,2022,1,외식업,0.1111111111,2120009,163,11,3708,8495.0,1683960,2705236.0,26.45,39.09,34.91,72.36,27.82,59.09,40.91,839,1.72,1.59
종로3가역,2022,1,유통업,0.3333333333,2120009,163,11,3708,8495.0,1683960,2705236.0,12.83,25.22,62.22,83.52,16.57,61.65,38.43,2345,1.04,1.17
종로3가역,2022,2,외식업,0.1445783133,2120009,163,11,3708,8495.0,1975828,2705236.0,24.18,42.27,33.91,72.36,27.82,56.91,43.18,852,3.38,1.04
종로3가역,2022,2,유통업,0.4166666667,2120009,163,11,3708,8495.0,1975828,2705236.0,11.04,25.42,63.62,77.58,22.5,60.42,39.62,2340,1.09,0.83
종로3가역,2022,3,외식업,0.152173913,2120009,163,11,3708,8495.0,1926818,2705236.0,24.55,41.27,34.27,74.09,25.91,58.82,41.18,850,4.05,4.18
종로3가역,2022,3,유통업,0.4285714286,2120009,163,11,3708,8495.0,1926818,2705236.0,9.91,29.7,60.61,85.78,14.22,59.61,40.61,2338,0.87,0.91
종로3가역,2022,4,외식업,0.1333333333,2120009,163,11,3708,8495.0,2012662,2705236.0,24.45,41.45,34.09,69.55,30.55,56.91,43.27,855,4.14,3.36
종로3가역,2022,4,유통업,0.4444444444,2120009,163,11,3708,8495.0,2012662,2705236.0,10.83,25.3,64.04,84.26,15.78,62.39,37.65,2347,1.04,1.04
천호역,2022,1,외식업,0.0,2120243,128,12,4057,1353.0,972892,3388339.0,24.91,49.73,25.82,67.91,32.27,56.0,44.0,272,0.96,1.92
천호역,2022,2,외식업,0.0,2120243,128,12,4057,1353.0,993560,3388339.0,25.27,50.64,24.36,67.36,32.82,55.91,44.09,272,2.43,0.97
천호역,2022,3,외식업,0.0,2120243,128,12,4057,1353.0,966459,3388339.0,24.73,49.45,26.0,69.18,30.82,56.73,43.45,264,2.99,6.47
천호역,2022,4,외식업,0.0555555556,2120243,128,12,4057,1353.0,966782,3388339.0,23.64,49.0,27.55,67.18,33.09,58.18,41.82,265,3.43,2.94
청담사거리(청담동명품거리),2022,1,서비스업,0.25,2120208,93,8,3265,10577.0,1349245,3922348.0,7.6,56.93,35.6,77.6,22.47,43.33,57.0,478,1.92,1.71
청담사거리(청담동명품거리),2022,1,유통업,0.2727272727,2120208,93,8,3265,10577.0,1349245,3922348.0,8.95,52.84,38.26,71.11,29.0,50.42,49.58,611,1.52,1.85
청담사거리(청담동명품거리),2022,2,서비스업,0.1818181818,2120208,93,8,3265,10577.0,1575539,3922348.0,7.6,53.33,38.93,80.47,19.67,44.87,55.13,480,2.12,1.7
청담사거리(청담동명품거리),2022,2,유통업,0.4333333333,2120208,93,8,3265,10577.0,1575539,3922348.0,11.05,47.58,41.63,72.58,27.42,51.84,48.16,615,2.18,1.17
청담사거리(청담동명품거리),2022,3,서비스업,0.2857142857,2120208,93,8,3265,10577.0,1548172,3922348.0,7.53,53.27,39.27,80.4,19.67,44.67,55.47,481,2.33,1.69
청담사거리(청담동명품거리),2022,3,유통업,0.4242424242,2120208,93,8,3265,10577.0,1548172,3922348.0,12.11,45.94,41.94,81.11,18.94,47.11,52.89,614,1.17,1.34
청담사거리(청담동명품거리),2022,4,서비스업,0.25,2120208,93,8,3265,10577.0,1525722,3922348.0,8.67,50.2,41.33,81.87,18.13,48.27,51.73,485,2.1,0.84
청담사거리(청담동명품거리),2022,4,유통업,0.5,2120208,93,8,3265,10577.0,1525722,3922348.0,9.41,48.82,42.12,75.59,24.41,48.24,51.88,619,2.16,1.33
"총신대입구역(이수, 총신대)",2022,1,서비스업,0.1904761905,2120156,142,20,4331,3255.0,2821293,3555185.0,19.71,46.24,34.65,73.12,27.0,50.47,49.71,459,2.7,0.67
"총신대입구역(이수, 총신대)",2022,1,외식업,0.1470588235,2120156,142,20,4331,3255.0,2821293,3555185.0,25.36,45.91,29.0,70.45,29.64,53.45,46.64,444,1.94,1.94
"총신대입구역(이수, 총신대)",2022,2,서비스업,0.2380952381,2120156,142,20,4331,3255.0,3142825,3555185.0,17.76,49.59,32.82,76.76,23.35,48.35,51.82,459,2.03,1.58
"총신대입구역(이수, 총신대)",2022,2,외식업,0.1717171717,2120156,142,20,4331,3255.0,3142825,3555185.0,24.45,47.55,28.09,70.27,29.82,53.64,46.64,445,5.28,4.72
"총신대입구역(이수, 총신대)",2022,3,서비스업,0.1428571429,2120156,142,20,4331,3255.0,3044195,3555185.0,20.47,49.47,30.18,76.53,23.53,47.24,52.94,458,2.26,2.48
"총신대입구역(이수, 총신대)",2022,3,외식업,0.1428571429,2120156,142,20,4331,3255.0,3044195,3555185.0,24.09,47.0,29.18,71.55,28.55,52.73,47.27,444,3.34,3.62
"총신대입구역(이수, 총신대)",2022,4,서비스업,0.2380952381,2120156,142,20,4331,3255.0,3078204,3555185.0,18.29,47.94,33.88,78.88,21.18,49.12,51.0,456,2.49,2.95
"총신대입구역(이수, 총신대)",2022,4,외식업,0.0909090909,2120156,142,20,4331,3255.0,3078204,3555185.0,24.64,47.18,28.36,69.18,30.82,53.18,46.91,442,3.61,4.17
충무로역,2022,1,외식업,0.1428571429,2120032,73,10,2576,11403.0,938398,2819399.0,31.0,38.2,31.6,86.1,14.3,58.8,41.3,460,1.77,2.53
충무로역,2022,2,외식업,0.1509433962,2120032,73,10,2576,11403.0,1062449,2819399.0,33.7,37.5,29.2,84.9,15.1,57.0,43.1,460,2.26,2.26
충무로역,2022,3,외식업,0.1111111111,2120032,73,10,2576,11403.0,989923,2819399.0,31.7,38.5,30.2,85.8,14.4,57.5,42.5,466,3.97,2.48
충무로역,2022,4,외식업,0.2407407407,2120032,73,10,2576,11403.0,1020823,2819399.0,35.27,36.45,29.0,78.0,22.0,54.36,45.82,467,2.48,2.23
포스코사거리,2022,1,외식업,0.1333333333,2120215,92,9,3513,61656.0,2958213,4437951.0,21.45,59.64,19.0,79.36,20.64,64.18,35.91,581,2.28,2.05
포스코사거리,2022,2,외식업,0.1481481481,2120215,92,9,3513,61656.0,3150398,4437951.0,21.27,60.36,18.45,79.64,20.45,62.09,37.91,591,4.66,1.77
포스코사거리,2022,3,외식업,0.1325301205,2120215,92,9,3513,61656.0,3191283,4437951.0,20.73,60.91,18.36,83.0,17.09,59.45,40.55,576,2.97,5.95
포스코사거리,2022,4,외식업,0.1162790698,2120215,92,9,3513,61656.0,3143968,4437951.0,21.55,59.91,18.82,78.55,21.45,62.45,37.82,572,2.97,3.65
포이사거리(삼호물산),2022,1,외식업,0.0476190476,2120184,70,21,5782,10139.0,1931524,3129878.0,14.55,48.64,37.0,85.18,14.91,65.27,34.73,346,2.81,1.4
포이사거리(삼호물산),2022,2,외식업,0.1428571429,2120184,70,21,5782,10139.0,1952550,3129878.0,15.09,49.45,35.55,82.45,17.64,63.91,36.09,350,5.19,2.42
포이사거리(삼호물산),2022,3,외식업,0.0869565217,2120184,70,21,5782,10139.0,1875419,3129878.0,15.0,50.73,34.36,84.82,15.36,63.91,36.36,349,4.48,4.83
포이사거리(삼호물산),2022,4,외식업,0.0952380952,2120184,70,21,5782,10139.0,1826777,3129878.0,15.09,49.82,35.27,81.55,18.45,62.55,37.55,354,6.8,4.76
학동사거리,2022,1,서비스업,0.2173913043,2120200,78,4,976,9363.0,1171034,3402858.0,14.07,59.0,27.57,83.36,16.79,40.0,60.21,438,3.24,1.16
학동사거리,2022,1,외식업,0.0769230769,2120200,78,4,976,9363.0,1171034,3402858.0,24.67,50.78,25.22,71.78,28.22,50.89,49.11,417,4.17,2.34
학동사거리,2022,1,유통업,0.1363636364,2120200,78,4,976,9363.0,1171034,3402858.0,15.0,56.33,28.67,60.93,39.07,58.73,41.33,491,2.13,1.49
학동사거리,2022,2,서비스업,0.4,2120200,78,4,976,9363.0,1308597,3402858.0,13.29,54.71,32.14,78.0,22.07,44.64,55.5,442,2.98,1.38
학동사거리,2022,2,외식업,0.1282051282,2120200,78,4,976,9363.0,1308597,3402858.0,23.56,51.67,25.11,70.78,29.22,51.78,48.33,424,5.9,2.05
학동사거리,2022,2,유통업,0.4230769231,2120200,78,4,976,9363.0,1308597,3402858.0,14.82,55.65,29.76,70.35,29.65,47.59,52.53,487,1.71,1.71
학동사거리,2022,3,서비스업,0.4444444444,2120200,78,4,976,9363.0,1251662,3402858.0,16.93,53.5,29.71,80.57,19.5,42.21,57.93,447,3.18,2.05
학동사거리,2022,3,외식업,0.0769230769,2120200,78,4,976,9363.0,1251662,3402858.0,23.78,52.44,24.22,71.0,29.0,52.78,47.33,416,2.87,4.96
학동사거리,2022,3,유통업,0.2916666667,2120200,78,4,976,9363.0,1251662,3402858.0,19.82,60.88,19.53,71.24,28.82,49.29,50.82,488,1.92,1.71
학동사거리,2022,4,서비스업,0.2962962963,2120200,78,4,976,9363.0,1260738,3402858.0,15.2,53.6,31.33,80.2,20.0,44.13,56.07,447,1.82,1.59
학동사거리,2022,4,외식업,0.1794871795,2120200,78,4,976,9363.0,1260738,3402858.0,22.44,50.44,27.89,69.89,30.22,53.56,46.44,425,4.34,2.55
학동사거리,2022,4,유통업,0.3333333333,2120200,78,4,976,9363.0,1260738,3402858.0,17.12,57.12,26.12,70.94,29.12,54.12,46.12,487,1.28,1.92
학동역,2022,1,유통업,0.1666666667,2120191,65,8,4394,13862.0,1728336,3289173.0,12.5,48.5,39.33,77.22,22.89,51.11,49.0,536,1.17,1.55
학동역,2022,2,유통업,0.2631578947,2120191,65,8,4394,13862.0,1887146,3289173.0,9.16,46.37,44.84,84.05,15.95,53.68,46.32,535,1.75,1.55
학동역,2022,3,유통업,0.2857142857,2120191,65,8,4394,13862.0,1841244,3289173.0,11.32,52.89,36.11,83.26,16.95,55.53,44.63,523,0.6,2.98
학동역,2022,4,유통업,0.3333333333,2120191,65,8,4394,13862.0,1861861,3289173.0,18.39,42.72,39.17,73.83,26.22,57.56,42.61,528,2.17,0.99
합정역,2022,1,외식업,0.125,2120101,77,17,6927,1932.0,1378358,4649382.0,31.2,47.6,21.4,70.0,30.2,53.3,46.7,363,2.4,2.74
합정역,2022,2,외식업,0.0714285714,2120101,77,17,6927,1932.0,1513316,4649382.0,31.9,48.4,20.2,68.3,31.7,51.9,48.3,360,3.1,3.45
합정역,2022,3,외식업,0.1025641026,2120101,77,17,6927,1932.0,1531543,4649382.0,33.7,47.3,19.5,68.4,31.7,51.7,48.3,357,3.82,4.17
합정역,2022,4,외식업,0.1282051282,2120101,77,17,6927,1932.0,1582731,4649382.0,34.1,45.8,20.6,67.3,32.9,52.2,47.8,353,3.48,4.53
해방촌 남동측,2022,1,외식업,0.1052631579,2110081,21,11,3429,291.0,1702993,2557337.0,37.33,45.22,18.0,59.44,40.56,50.11,49.89,127,4.17,0.83
해방촌 남동측,2022,2,외식업,0.0833333333,2110081,21,11,3429,291.0,1766481,2557337.0,36.11,47.67,16.44,58.33,41.89,47.11,52.89,130,5.69,2.44
해방촌 남동측,2022,3,외식업,0.1666666667,2110081,21,11,3429,291.0,1646471,2557337.0,37.11,46.0,17.33,59.0,41.11,46.11,53.89,131,3.23,2.42
해방촌 남동측,2022,4,외식업,0.25,2110081,21,11,3429,291.0,1489180,2557337.0,35.89,46.89,17.67,57.78,42.33,52.11,48.11,134,5.51,3.15
홍대 걷고싶은 거리,2022,1,외식업,0.1428571429,2130191,4,2,497,367.0,452702,2700407.0,57.1,31.8,11.3,59.9,40.1,47.8,52.3,284,2.99,1.28
홍대 걷고싶은 거리,2022,2,외식업,0.2380952381,2130191,4,2,497,367.0,493012,2700407.0,54.3,34.4,11.5,60.1,39.9,47.3,52.8,283,3.85,2.56
홍대 걷고싶은 거리,2022,3,외식업,0.2,2130191,4,2,497,367.0,541825,2700407.0,56.1,32.9,11.1,61.7,38.4,46.5,53.5,281,3.88,4.74
홍대 걷고싶은 거리,2022,4,외식업,0.1666666667,2130191,4,2,497,367.0,561671,2700407.0,56.0,33.0,11.3,58.5,41.6,45.3,54.8,280,2.16,2.59
홍대입구역 3번,2022,1,외식업,0.25,2110564,4,0,571,471.0,702034,2584653.0,50.7,39.6,9.9,58.3,42.0,45.0,55.0,95,4.6,0.0
홍대입구역 3번,2022,2,외식업,0.125,2110564,4,0,571,471.0,783726,2584653.0,43.1,43.3,13.6,60.3,39.7,46.8,53.3,98,6.74,3.37
홍대입구역 3번,2022,3,외식업,0.1904761905,2110564,4,0,571,471.0,769012,2584653.0,47.7,40.4,12.3,61.3,38.8,43.2,57.2,100,6.59,5.49
홍대입구역 3번,2022,4,외식업,0.2105263158,2110564,4,0,571,471.0,850415,2584653.0,49.1,39.5,11.6,59.4,40.7,43.6,56.5,103,5.32,2.13
홍대입구역(홍대),2022,1,서비스업,0.1875,2120103,91,22,4789,9580.0,3184441,2934520.0,38.06,37.82,24.35,76.76,23.24,44.0,56.18,853,2.16,1.2
홍대입구역(홍대),2022,1,외식업,0.1755485893,2120103,91,22,4789,9580.0,3184441,2934520.0,53.5,35.9,11.0,60.7,39.3,47.7,52.4,1240,4.76,2.15
홍대입구역(홍대),2022,1,유통업,0.2727272727,2120103,91,22,4789,9580.0,3184441,2934520.0,35.17,37.56,27.72,70.78,29.28,38.39,61.67,856,1.85,1.23
홍대입구역(홍대),2022,2,서비스업,0.2666666667,2120103,91,22,4789,9580.0,3873815,2934520.0,33.82,45.12,21.53,75.82,24.41,41.88,58.18,868,3.66,1.77
홍대입구역(홍대),2022,2,외식업,0.1492063492,2120103,91,22,4789,9580.0,3873815,2934520.0,52.7,38.0,9.6,59.7,40.4,50.1,50.0,1237,5.09,3.43
홍대입구역(홍대),2022,2,유통업,0.4285714286,2120103,91,22,4789,9580.0,3873815,2934520.0,37.76,35.65,27.12,71.76,28.29,40.59,59.59,865,2.08,1.59
홍대입구역(홍대),2022,3,서비스업,0.2588235294,2120103,91,22,4789,9580.0,3846744,2934520.0,37.0,42.35,20.82,76.24,23.82,40.18,59.88,860,2.62,3.57
홍대입구역(홍대),2022,3,외식업,0.128440367,2120103,91,22,4789,9580.0,3846744,2934520.0,54.2,36.1,9.8,60.9,39.3,48.7,51.5,1247,6.1,5.19
홍대입구역(홍대),2022,3,유통업,0.3095238095,2120103,91,22,4789,9580.0,3846744,2934520.0,33.11,41.26,26.0,71.63,28.42,46.95,53.11,873,3.15,2.18
홍대입구역(홍대),2022,4,서비스업,0.2528735632,2120103,91,22,4789,9580.0,3897068,2934520.0,35.35,47.41,17.53,76.65,23.35,40.53,59.59,855,2.27,2.63
홍대입구역(홍대),2022,4,외식업,0.1445427729,2120103,91,22,4789,9580.0,3897068,2934520.0,54.6,36.0,9.8,57.4,42.8,48.7,51.4,1250,4.36,4.17
홍대입구역(홍대),2022,4,유통업,0.387755102,2120103,91,22,4789,9580.0,3897068,2934520.0,38.74,30.11,31.68,71.47,28.63,43.63,56.37,874,3.14,1.93
화곡역,2022,1,서비스업,0.1666666667,2120120,88,16,2748,927.0,1102013,2624496.0,21.94,48.25,30.0,81.12,18.94,49.19,50.94,254,1.22,3.27
화곡역,2022,2,서비스업,0.4736842105,2120120,88,16,2748,927.0,1168431,2624496.0,19.6,46.0,34.33,81.27,18.93,54.93,45.13,258,3.23,1.61
화곡역,2022,3,서비스업,0.380952381,2120120,88,16,2748,927.0,1163547,2624496.0,18.2,43.6,38.27,81.4,18.67,52.4,47.87,256,1.21,2.02
화곡역,2022,4,서비스업,0.380952381,2120120,88,16,2748,927.0,1208993,2624496.0,16.67,41.8,41.67,80.47,19.73,52.93,47.27,256,2.83,2.43
